source,outcome_pair,reference,primary,target,T,G,V
papalexi2021_rep1,papalexi2021_rep2__papalexi2021_rep3,same_identity_disjoint_cells,True,ATF2,0.47,0.48375,0.4809375
papalexi2021_rep1,papalexi2021_rep2__papalexi2021_rep3,same_identity_disjoint_cells,True,CAV1,0.63375,0.60625,0.56
papalexi2021_rep1,papalexi2021_rep2__papalexi2021_rep3,same_identity_disjoint_cells,True,CD86,0.5325,0.503125,0.53625
papalexi2021_rep1,papalexi2021_rep2__papalexi2021_rep3,same_identity_disjoint_cells,True,CMTM6,0.5415625,0.4671875,0.4759375
papalexi2021_rep1,papalexi2021_rep2__papalexi2021_rep3,same_identity_disjoint_cells,True,ETV7,0.623125,0.6321875,0.5146875
papalexi2021_rep1,papalexi2021_rep2__papalexi2021_rep3,same_identity_disjoint_cells,True,IFNGR1,0.9153125,0.89125,0.93
papalexi2021_rep1,papalexi2021_rep2__papalexi2021_rep3,same_identity_disjoint_cells,True,IFNGR2,0.949375,0.960625,0.9459375
papalexi2021_rep1,papalexi2021_rep2__papalexi2021_rep3,same_identity_disjoint_cells,True,IRF1,0.9575,0.955,0.8584375
papalexi2021_rep1,papalexi2021_rep2__papalexi2021_rep3,same_identity_disjoint_cells,True,JAK2,0.95,0.9459375,0.9403125
papalexi2021_rep1,papalexi2021_rep2__papalexi2021_rep3,same_identity_disjoint_cells,True,MARCH8,0.4778125,0.6684375,0.47875
papalexi2021_rep1,papalexi2021_rep2__papalexi2021_rep3,same_identity_disjoint_cells,True,NFKBIA,0.54,0.4009375,0.5253125
papalexi2021_rep1,papalexi2021_rep2__papalexi2021_rep3,same_identity_disjoint_cells,True,PDCD1LG2,0.6759375,0.5275,0.5359375
papalexi2021_rep1,papalexi2021_rep2__papalexi2021_rep3,same_identity_disjoint_cells,True,SMAD4,1.0,1.0,1.0
papalexi2021_rep1,papalexi2021_rep2__papalexi2021_rep3,same_identity_disjoint_cells,True,STAT2,0.9903125,0.986875,0.851875
papalexi2021_rep1,papalexi2021_rep2__papalexi2021_rep3,same_identity_disjoint_cells,True,STAT3,0.58375,0.3359375,0.4740625
papalexi2021_rep1,papalexi2021_rep2__papalexi2021_rep3,same_identity_disjoint_cells,True,STAT5A,0.5853125,0.455,0.4109375
papalexi2021_rep1,papalexi2021_rep2__papalexi2021_rep3,same_identity_disjoint_cells,True,TNFRSF14,0.55875,0.5278125,0.4278125
papalexi2021_rep1,papalexi2021_rep2__papalexi2021_rep3,different_guide_identities,False,ATF2,0.4478125,0.4821875,0.4809375
papalexi2021_rep1,papalexi2021_rep2__papalexi2021_rep3,different_guide_identities,False,CAV1,0.648125,0.606875,0.56
papalexi2021_rep1,papalexi2021_rep2__papalexi2021_rep3,different_guide_identities,False,CD86,0.50125,0.476875,0.53625
papalexi2021_rep1,papalexi2021_rep2__papalexi2021_rep3,different_guide_identities,False,CMTM6,0.51375,0.4353125,0.4759375
papalexi2021_rep1,papalexi2021_rep2__papalexi2021_rep3,different_guide_identities,False,ETV7,0.6328125,0.6365625,0.5146875
papalexi2021_rep1,papalexi2021_rep2__papalexi2021_rep3,different_guide_identities,False,IFNGR1,0.911875,0.8946875,0.93
papalexi2021_rep1,papalexi2021_rep2__papalexi2021_rep3,different_guide_identities,False,IFNGR2,0.948125,0.9621875,0.9459375
papalexi2021_rep1,papalexi2021_rep2__papalexi2021_rep3,different_guide_identities,False,IRF1,0.95625,0.9578125,0.8584375
papalexi2021_rep1,papalexi2021_rep2__papalexi2021_rep3,different_guide_identities,False,JAK2,0.951875,0.94625,0.9403125
papalexi2021_rep1,papalexi2021_rep2__papalexi2021_rep3,different_guide_identities,False,MARCH8,0.4646875,0.6615625,0.47875
papalexi2021_rep1,papalexi2021_rep2__papalexi2021_rep3,different_guide_identities,False,NFKBIA,0.548125,0.405625,0.5253125
papalexi2021_rep1,papalexi2021_rep2__papalexi2021_rep3,different_guide_identities,False,PDCD1LG2,0.6665625,0.5259375,0.5359375
papalexi2021_rep1,papalexi2021_rep2__papalexi2021_rep3,different_guide_identities,False,SMAD4,1.0,0.999375,1.0
papalexi2021_rep1,papalexi2021_rep2__papalexi2021_rep3,different_guide_identities,False,STAT2,0.9834375,0.981875,0.851875
papalexi2021_rep1,papalexi2021_rep2__papalexi2021_rep3,different_guide_identities,False,STAT3,0.6090625,0.3440625,0.4740625
papalexi2021_rep1,papalexi2021_rep2__papalexi2021_rep3,different_guide_identities,False,STAT5A,0.5765625,0.45,0.4109375
papalexi2021_rep1,papalexi2021_rep2__papalexi2021_rep3,different_guide_identities,False,TNFRSF14,0.54875,0.5275,0.4278125
papalexi2021_rep2,papalexi2021_rep1__papalexi2021_rep3,same_identity_disjoint_cells,False,ATF2,0.5403125,0.5365625,0.5103125
papalexi2021_rep2,papalexi2021_rep1__papalexi2021_rep3,same_identity_disjoint_cells,False,CAV1,0.549375,0.4521875,0.4875
papalexi2021_rep2,papalexi2021_rep1__papalexi2021_rep3,same_identity_disjoint_cells,False,CD86,0.5115625,0.405625,0.4625
papalexi2021_rep2,papalexi2021_rep1__papalexi2021_rep3,same_identity_disjoint_cells,False,CMTM6,0.525,0.5346875,0.5025
papalexi2021_rep2,papalexi2021_rep1__papalexi2021_rep3,same_identity_disjoint_cells,False,ETV7,0.4175,0.5109375,0.5246875
papalexi2021_rep2,papalexi2021_rep1__papalexi2021_rep3,same_identity_disjoint_cells,False,IFNGR1,0.9353125,0.93375,0.9146875
papalexi2021_rep2,papalexi2021_rep1__papalexi2021_rep3,same_identity_disjoint_cells,False,IFNGR2,0.9403125,0.9421875,0.95
papalexi2021_rep2,papalexi2021_rep1__papalexi2021_rep3,same_identity_disjoint_cells,False,IRF1,0.8828125,0.8221875,0.915625
papalexi2021_rep2,papalexi2021_rep1__papalexi2021_rep3,same_identity_disjoint_cells,False,JAK2,0.9425,0.9521875,0.9428125
papalexi2021_rep2,papalexi2021_rep1__papalexi2021_rep3,same_identity_disjoint_cells,False,MARCH8,0.425,0.38375,0.535625
papalexi2021_rep2,papalexi2021_rep1__papalexi2021_rep3,same_identity_disjoint_cells,False,NFKBIA,0.5084375,0.49,0.4634375
papalexi2021_rep2,papalexi2021_rep1__papalexi2021_rep3,same_identity_disjoint_cells,False,PDCD1LG2,0.399375,0.305625,0.6109375
papalexi2021_rep2,papalexi2021_rep1__papalexi2021_rep3,same_identity_disjoint_cells,False,SMAD4,1.0,1.0,1.0
papalexi2021_rep2,papalexi2021_rep1__papalexi2021_rep3,same_identity_disjoint_cells,False,STAT2,0.831875,0.8246875,0.92
papalexi2021_rep2,papalexi2021_rep1__papalexi2021_rep3,same_identity_disjoint_cells,False,STAT3,0.5365625,0.43,0.3875
papalexi2021_rep2,papalexi2021_rep1__papalexi2021_rep3,same_identity_disjoint_cells,False,STAT5A,0.4909375,0.405625,0.3984375
papalexi2021_rep2,papalexi2021_rep1__papalexi2021_rep3,same_identity_disjoint_cells,False,TNFRSF14,0.5409375,0.4896875,0.505625
papalexi2021_rep2,papalexi2021_rep1__papalexi2021_rep3,different_guide_identities,False,ATF2,0.5628125,0.5509375,0.5103125
papalexi2021_rep2,papalexi2021_rep1__papalexi2021_rep3,different_guide_identities,False,CAV1,0.53,0.436875,0.4875
papalexi2021_rep2,papalexi2021_rep1__papalexi2021_rep3,different_guide_identities,False,CD86,0.5078125,0.3915625,0.4625
papalexi2021_rep2,papalexi2021_rep1__papalexi2021_rep3,different_guide_identities,False,CMTM6,0.5284375,0.5428125,0.5025
papalexi2021_rep2,papalexi2021_rep1__papalexi2021_rep3,different_guide_identities,False,ETV7,0.405,0.5028125,0.5246875
papalexi2021_rep2,papalexi2021_rep1__papalexi2021_rep3,different_guide_identities,False,IFNGR1,0.9365625,0.9353125,0.9146875
papalexi2021_rep2,papalexi2021_rep1__papalexi2021_rep3,different_guide_identities,False,IFNGR2,0.9384375,0.9384375,0.95
papalexi2021_rep2,papalexi2021_rep1__papalexi2021_rep3,different_guide_identities,False,IRF1,0.895,0.83375,0.915625
papalexi2021_rep2,papalexi2021_rep1__papalexi2021_rep3,different_guide_identities,False,JAK2,0.9390625,0.946875,0.9428125
papalexi2021_rep2,papalexi2021_rep1__papalexi2021_rep3,different_guide_identities,False,MARCH8,0.420625,0.390625,0.535625
papalexi2021_rep2,papalexi2021_rep1__papalexi2021_rep3,different_guide_identities,False,NFKBIA,0.53375,0.503125,0.4634375
papalexi2021_rep2,papalexi2021_rep1__papalexi2021_rep3,different_guide_identities,False,PDCD1LG2,0.3890625,0.310625,0.6109375
papalexi2021_rep2,papalexi2021_rep1__papalexi2021_rep3,different_guide_identities,False,SMAD4,1.0,0.9996875,1.0
papalexi2021_rep2,papalexi2021_rep1__papalexi2021_rep3,different_guide_identities,False,STAT2,0.8409375,0.8228125,0.92
papalexi2021_rep2,papalexi2021_rep1__papalexi2021_rep3,different_guide_identities,False,STAT3,0.546875,0.4275,0.3875
papalexi2021_rep2,papalexi2021_rep1__papalexi2021_rep3,different_guide_identities,False,STAT5A,0.4925,0.405,0.3984375
papalexi2021_rep2,papalexi2021_rep1__papalexi2021_rep3,different_guide_identities,False,TNFRSF14,0.530625,0.4753125,0.505625
papalexi2021_rep3,papalexi2021_rep1__papalexi2021_rep2,same_identity_disjoint_cells,False,ATF2,0.4078125,0.41625,0.5315625
papalexi2021_rep3,papalexi2021_rep1__papalexi2021_rep2,same_identity_disjoint_cells,False,CAV1,0.5709375,0.488125,0.51625
papalexi2021_rep3,papalexi2021_rep1__papalexi2021_rep2,same_identity_disjoint_cells,False,CD86,0.53625,0.4925,0.5275
papalexi2021_rep3,papalexi2021_rep1__papalexi2021_rep2,same_identity_disjoint_cells,False,CMTM6,0.556875,0.4634375,0.5628125
papalexi2021_rep3,papalexi2021_rep1__papalexi2021_rep2,same_identity_disjoint_cells,False,ETV7,0.5634375,0.5478125,0.468125
papalexi2021_rep3,papalexi2021_rep1__papalexi2021_rep2,same_identity_disjoint_cells,False,IFNGR1,0.94,0.929375,0.90125
papalexi2021_rep3,papalexi2021_rep1__papalexi2021_rep2,same_identity_disjoint_cells,False,IFNGR2,0.955,0.94875,0.9490625
papalexi2021_rep3,papalexi2021_rep1__papalexi2021_rep2,same_identity_disjoint_cells,False,IRF1,0.92875,0.9290625,0.8321875
papalexi2021_rep3,papalexi2021_rep1__papalexi2021_rep2,same_identity_disjoint_cells,False,JAK2,0.934375,0.9359375,0.9484375
papalexi2021_rep3,papalexi2021_rep1__papalexi2021_rep2,same_identity_disjoint_cells,False,MARCH8,0.3584375,0.4325,0.525625
papalexi2021_rep3,papalexi2021_rep1__papalexi2021_rep2,same_identity_disjoint_cells,False,NFKBIA,0.445,0.5403125,0.4478125
papalexi2021_rep3,papalexi2021_rep1__papalexi2021_rep2,same_identity_disjoint_cells,False,PDCD1LG2,0.6584375,0.7046875,0.3915625
papalexi2021_rep3,papalexi2021_rep1__papalexi2021_rep2,same_identity_disjoint_cells,False,SMAD4,1.0,1.0,0.9996875
papalexi2021_rep3,papalexi2021_rep1__papalexi2021_rep2,same_identity_disjoint_cells,False,STAT2,0.87375,0.93625,0.910625
papalexi2021_rep3,papalexi2021_rep1__papalexi2021_rep2,same_identity_disjoint_cells,False,STAT3,0.44,0.5228125,0.4621875
papalexi2021_rep3,papalexi2021_rep1__papalexi2021_rep2,same_identity_disjoint_cells,False,STAT5A,0.4021875,0.41625,0.4409375
papalexi2021_rep3,papalexi2021_rep1__papalexi2021_rep2,same_identity_disjoint_cells,False,TNFRSF14,0.519375,0.425625,0.44
papalexi2021_rep3,papalexi2021_rep1__papalexi2021_rep2,different_guide_identities,False,ATF2,0.4209375,0.44375,0.5315625
papalexi2021_rep3,papalexi2021_rep1__papalexi2021_rep2,different_guide_identities,False,CAV1,0.5828125,0.4934375,0.51625
papalexi2021_rep3,papalexi2021_rep1__papalexi2021_rep2,different_guide_identities,False,CD86,0.559375,0.49625,0.5275
papalexi2021_rep3,papalexi2021_rep1__papalexi2021_rep2,different_guide_identities,False,CMTM6,0.5421875,0.4496875,0.5628125
papalexi2021_rep3,papalexi2021_rep1__papalexi2021_rep2,different_guide_identities,False,ETV7,0.5478125,0.5390625,0.468125
papalexi2021_rep3,papalexi2021_rep1__papalexi2021_rep2,different_guide_identities,False,IFNGR1,0.936875,0.93,0.90125
papalexi2021_rep3,papalexi2021_rep1__papalexi2021_rep2,different_guide_identities,False,IFNGR2,0.9553125,0.95,0.9490625
papalexi2021_rep3,papalexi2021_rep1__papalexi2021_rep2,different_guide_identities,False,IRF1,0.9265625,0.92375,0.8321875
papalexi2021_rep3,papalexi2021_rep1__papalexi2021_rep2,different_guide_identities,False,JAK2,0.9346875,0.9359375,0.9484375
papalexi2021_rep3,papalexi2021_rep1__papalexi2021_rep2,different_guide_identities,False,MARCH8,0.3653125,0.4390625,0.525625
papalexi2021_rep3,papalexi2021_rep1__papalexi2021_rep2,different_guide_identities,False,NFKBIA,0.435,0.531875,0.4478125
papalexi2021_rep3,papalexi2021_rep1__papalexi2021_rep2,different_guide_identities,False,PDCD1LG2,0.666875,0.701875,0.3915625
papalexi2021_rep3,papalexi2021_rep1__papalexi2021_rep2,different_guide_identities,False,SMAD4,1.0,1.0,0.9996875
papalexi2021_rep3,papalexi2021_rep1__papalexi2021_rep2,different_guide_identities,False,STAT2,0.8771875,0.9303125,0.910625
papalexi2021_rep3,papalexi2021_rep1__papalexi2021_rep2,different_guide_identities,False,STAT3,0.4203125,0.5059375,0.4621875
papalexi2021_rep3,papalexi2021_rep1__papalexi2021_rep2,different_guide_identities,False,STAT5A,0.411875,0.4365625,0.4409375
papalexi2021_rep3,papalexi2021_rep1__papalexi2021_rep2,different_guide_identities,False,TNFRSF14,0.516875,0.4234375,0.44
