version,experiment,source,readout,target,K,n_start,n_reference,n_shared_start_reference,n_shared_start_treated,n_shared_start_original_all_control,score_matrix
old_query_excluded,cite_6tf,GSE335887,GF_V1_6L,ARID2,28,32,545,0,0,32,strengthening_v2/embedding_calibration/GSE335887/6L_cite_6tf/preds_score_matrix.npz
old_query_excluded,cite_6tf,GSE335887,GF_V1_6L,ARID5B,28,32,545,0,0,32,strengthening_v2/embedding_calibration/GSE335887/6L_cite_6tf/preds_score_matrix.npz
old_query_excluded,cite_6tf,GSE335887,GF_V1_6L,ATMIN,28,32,545,0,0,32,strengthening_v2/embedding_calibration/GSE335887/6L_cite_6tf/preds_score_matrix.npz
old_query_excluded,cite_6tf,GSE335887,GF_V1_6L,BHLHE40,28,32,545,0,0,32,strengthening_v2/embedding_calibration/GSE335887/6L_cite_6tf/preds_score_matrix.npz
old_query_excluded,cite_6tf,GSE335887,GF_V1_6L,BHLHE41,28,18,559,0,0,18,strengthening_v2/embedding_calibration/GSE335887/6L_cite_6tf/preds_score_matrix.npz
old_query_excluded,cite_6tf,GSE335887,GF_V1_6L,BPTF,28,32,545,0,0,32,strengthening_v2/embedding_calibration/GSE335887/6L_cite_6tf/preds_score_matrix.npz
old_query_excluded,cite_6tf,GSE335887,GF_V1_6L,CEBPD,28,32,545,0,0,32,strengthening_v2/embedding_calibration/GSE335887/6L_cite_6tf/preds_score_matrix.npz
old_query_excluded,cite_6tf,GSE335887,GF_V1_6L,CNOT10,28,32,545,0,0,32,strengthening_v2/embedding_calibration/GSE335887/6L_cite_6tf/preds_score_matrix.npz
old_query_excluded,cite_6tf,GSE335887,GF_V1_6L,DEAF1,28,32,545,0,0,32,strengthening_v2/embedding_calibration/GSE335887/6L_cite_6tf/preds_score_matrix.npz
old_query_excluded,cite_6tf,GSE335887,GF_V1_6L,DNMT1,28,32,545,0,0,32,strengthening_v2/embedding_calibration/GSE335887/6L_cite_6tf/preds_score_matrix.npz
old_query_excluded,cite_6tf,GSE335887,GF_V1_6L,FOXK1,28,32,545,0,0,32,strengthening_v2/embedding_calibration/GSE335887/6L_cite_6tf/preds_score_matrix.npz
old_query_excluded,cite_6tf,GSE335887,GF_V1_6L,IRF9,28,32,545,0,0,32,strengthening_v2/embedding_calibration/GSE335887/6L_cite_6tf/preds_score_matrix.npz
old_query_excluded,cite_6tf,GSE335887,GF_V1_6L,MAF,28,32,545,0,0,32,strengthening_v2/embedding_calibration/GSE335887/6L_cite_6tf/preds_score_matrix.npz
old_query_excluded,cite_6tf,GSE335887,GF_V1_6L,MEF2C,28,32,545,0,0,32,strengthening_v2/embedding_calibration/GSE335887/6L_cite_6tf/preds_score_matrix.npz
old_query_excluded,cite_6tf,GSE335887,GF_V1_6L,MEF2D,28,30,547,0,0,30,strengthening_v2/embedding_calibration/GSE335887/6L_cite_6tf/preds_score_matrix.npz
old_query_excluded,cite_6tf,GSE335887,GF_V1_6L,MITF,28,18,559,0,0,18,strengthening_v2/embedding_calibration/GSE335887/6L_cite_6tf/preds_score_matrix.npz
old_query_excluded,cite_6tf,GSE335887,GF_V1_6L,PRDM1,28,32,545,0,0,32,strengthening_v2/embedding_calibration/GSE335887/6L_cite_6tf/preds_score_matrix.npz
old_query_excluded,cite_6tf,GSE335887,GF_V1_6L,RELA,28,32,545,0,0,32,strengthening_v2/embedding_calibration/GSE335887/6L_cite_6tf/preds_score_matrix.npz
old_query_excluded,cite_6tf,GSE335887,GF_V1_6L,RUNX1,28,32,545,0,0,32,strengthening_v2/embedding_calibration/GSE335887/6L_cite_6tf/preds_score_matrix.npz
old_query_excluded,cite_6tf,GSE335887,GF_V1_6L,SMAD3,28,21,556,0,0,21,strengthening_v2/embedding_calibration/GSE335887/6L_cite_6tf/preds_score_matrix.npz
old_query_excluded,cite_6tf,GSE335887,GF_V1_6L,SPI1,28,24,553,0,0,24,strengthening_v2/embedding_calibration/GSE335887/6L_cite_6tf/preds_score_matrix.npz
old_query_excluded,cite_6tf,GSE335887,GF_V1_6L,SREBF1,28,32,545,0,0,32,strengthening_v2/embedding_calibration/GSE335887/6L_cite_6tf/preds_score_matrix.npz
old_query_excluded,cite_6tf,GSE335887,GF_V1_6L,STAT1,28,32,545,0,0,32,strengthening_v2/embedding_calibration/GSE335887/6L_cite_6tf/preds_score_matrix.npz
old_query_excluded,cite_6tf,GSE335887,GF_V1_6L,STAT2,28,32,545,0,0,32,strengthening_v2/embedding_calibration/GSE335887/6L_cite_6tf/preds_score_matrix.npz
old_query_excluded,cite_6tf,GSE335887,GF_V1_6L,TCF4,28,32,545,0,0,32,strengthening_v2/embedding_calibration/GSE335887/6L_cite_6tf/preds_score_matrix.npz
old_query_excluded,cite_6tf,GSE335887,GF_V1_6L,ZNF148,28,32,545,0,0,32,strengthening_v2/embedding_calibration/GSE335887/6L_cite_6tf/preds_score_matrix.npz
old_query_excluded,cite_6tf,GSE335887,GF_V1_6L,ZNF532,28,30,547,0,0,30,strengthening_v2/embedding_calibration/GSE335887/6L_cite_6tf/preds_score_matrix.npz
old_query_excluded,cite_6tf,GSE335887,GF_V1_6L,ZNF644,28,32,545,0,0,32,strengthening_v2/embedding_calibration/GSE335887/6L_cite_6tf/preds_score_matrix.npz
old_query_excluded,cite_6tf,GSE335887,GF_V1_12L,ARID2,28,32,545,0,0,32,strengthening_v2/embedding_calibration/GSE335887/12L_cite_6tf/preds_score_matrix.npz
old_query_excluded,cite_6tf,GSE335887,GF_V1_12L,ARID5B,28,32,545,0,0,32,strengthening_v2/embedding_calibration/GSE335887/12L_cite_6tf/preds_score_matrix.npz
old_query_excluded,cite_6tf,GSE335887,GF_V1_12L,ATMIN,28,32,545,0,0,32,strengthening_v2/embedding_calibration/GSE335887/12L_cite_6tf/preds_score_matrix.npz
old_query_excluded,cite_6tf,GSE335887,GF_V1_12L,BHLHE40,28,32,545,0,0,32,strengthening_v2/embedding_calibration/GSE335887/12L_cite_6tf/preds_score_matrix.npz
old_query_excluded,cite_6tf,GSE335887,GF_V1_12L,BHLHE41,28,18,559,0,0,18,strengthening_v2/embedding_calibration/GSE335887/12L_cite_6tf/preds_score_matrix.npz
old_query_excluded,cite_6tf,GSE335887,GF_V1_12L,BPTF,28,32,545,0,0,32,strengthening_v2/embedding_calibration/GSE335887/12L_cite_6tf/preds_score_matrix.npz
old_query_excluded,cite_6tf,GSE335887,GF_V1_12L,CEBPD,28,32,545,0,0,32,strengthening_v2/embedding_calibration/GSE335887/12L_cite_6tf/preds_score_matrix.npz
old_query_excluded,cite_6tf,GSE335887,GF_V1_12L,CNOT10,28,32,545,0,0,32,strengthening_v2/embedding_calibration/GSE335887/12L_cite_6tf/preds_score_matrix.npz
old_query_excluded,cite_6tf,GSE335887,GF_V1_12L,DEAF1,28,32,545,0,0,32,strengthening_v2/embedding_calibration/GSE335887/12L_cite_6tf/preds_score_matrix.npz
old_query_excluded,cite_6tf,GSE335887,GF_V1_12L,DNMT1,28,32,545,0,0,32,strengthening_v2/embedding_calibration/GSE335887/12L_cite_6tf/preds_score_matrix.npz
old_query_excluded,cite_6tf,GSE335887,GF_V1_12L,FOXK1,28,32,545,0,0,32,strengthening_v2/embedding_calibration/GSE335887/12L_cite_6tf/preds_score_matrix.npz
old_query_excluded,cite_6tf,GSE335887,GF_V1_12L,IRF9,28,32,545,0,0,32,strengthening_v2/embedding_calibration/GSE335887/12L_cite_6tf/preds_score_matrix.npz
old_query_excluded,cite_6tf,GSE335887,GF_V1_12L,MAF,28,32,545,0,0,32,strengthening_v2/embedding_calibration/GSE335887/12L_cite_6tf/preds_score_matrix.npz
old_query_excluded,cite_6tf,GSE335887,GF_V1_12L,MEF2C,28,32,545,0,0,32,strengthening_v2/embedding_calibration/GSE335887/12L_cite_6tf/preds_score_matrix.npz
old_query_excluded,cite_6tf,GSE335887,GF_V1_12L,MEF2D,28,30,547,0,0,30,strengthening_v2/embedding_calibration/GSE335887/12L_cite_6tf/preds_score_matrix.npz
old_query_excluded,cite_6tf,GSE335887,GF_V1_12L,MITF,28,18,559,0,0,18,strengthening_v2/embedding_calibration/GSE335887/12L_cite_6tf/preds_score_matrix.npz
old_query_excluded,cite_6tf,GSE335887,GF_V1_12L,PRDM1,28,32,545,0,0,32,strengthening_v2/embedding_calibration/GSE335887/12L_cite_6tf/preds_score_matrix.npz
old_query_excluded,cite_6tf,GSE335887,GF_V1_12L,RELA,28,32,545,0,0,32,strengthening_v2/embedding_calibration/GSE335887/12L_cite_6tf/preds_score_matrix.npz
old_query_excluded,cite_6tf,GSE335887,GF_V1_12L,RUNX1,28,32,545,0,0,32,strengthening_v2/embedding_calibration/GSE335887/12L_cite_6tf/preds_score_matrix.npz
old_query_excluded,cite_6tf,GSE335887,GF_V1_12L,SMAD3,28,21,556,0,0,21,strengthening_v2/embedding_calibration/GSE335887/12L_cite_6tf/preds_score_matrix.npz
old_query_excluded,cite_6tf,GSE335887,GF_V1_12L,SPI1,28,24,553,0,0,24,strengthening_v2/embedding_calibration/GSE335887/12L_cite_6tf/preds_score_matrix.npz
old_query_excluded,cite_6tf,GSE335887,GF_V1_12L,SREBF1,28,32,545,0,0,32,strengthening_v2/embedding_calibration/GSE335887/12L_cite_6tf/preds_score_matrix.npz
old_query_excluded,cite_6tf,GSE335887,GF_V1_12L,STAT1,28,32,545,0,0,32,strengthening_v2/embedding_calibration/GSE335887/12L_cite_6tf/preds_score_matrix.npz
old_query_excluded,cite_6tf,GSE335887,GF_V1_12L,STAT2,28,32,545,0,0,32,strengthening_v2/embedding_calibration/GSE335887/12L_cite_6tf/preds_score_matrix.npz
old_query_excluded,cite_6tf,GSE335887,GF_V1_12L,TCF4,28,32,545,0,0,32,strengthening_v2/embedding_calibration/GSE335887/12L_cite_6tf/preds_score_matrix.npz
old_query_excluded,cite_6tf,GSE335887,GF_V1_12L,ZNF148,28,32,545,0,0,32,strengthening_v2/embedding_calibration/GSE335887/12L_cite_6tf/preds_score_matrix.npz
old_query_excluded,cite_6tf,GSE335887,GF_V1_12L,ZNF532,28,30,547,0,0,30,strengthening_v2/embedding_calibration/GSE335887/12L_cite_6tf/preds_score_matrix.npz
old_query_excluded,cite_6tf,GSE335887,GF_V1_12L,ZNF644,28,32,545,0,0,32,strengthening_v2/embedding_calibration/GSE335887/12L_cite_6tf/preds_score_matrix.npz
old_query_excluded,crop_6tf,GSE335887,GF_V1_6L,ARID2,25,32,702,0,0,32,strengthening_v2/embedding_calibration/GSE335887/6L_crop_6tf/preds_score_matrix.npz
old_query_excluded,crop_6tf,GSE335887,GF_V1_6L,ATMIN,25,32,702,0,0,32,strengthening_v2/embedding_calibration/GSE335887/6L_crop_6tf/preds_score_matrix.npz
old_query_excluded,crop_6tf,GSE335887,GF_V1_6L,BHLHE40,25,32,702,0,0,32,strengthening_v2/embedding_calibration/GSE335887/6L_crop_6tf/preds_score_matrix.npz
old_query_excluded,crop_6tf,GSE335887,GF_V1_6L,BHLHE41,25,32,702,0,0,32,strengthening_v2/embedding_calibration/GSE335887/6L_crop_6tf/preds_score_matrix.npz
old_query_excluded,crop_6tf,GSE335887,GF_V1_6L,BPTF,25,32,702,0,0,32,strengthening_v2/embedding_calibration/GSE335887/6L_crop_6tf/preds_score_matrix.npz
old_query_excluded,crop_6tf,GSE335887,GF_V1_6L,CEBPD,25,32,702,0,0,32,strengthening_v2/embedding_calibration/GSE335887/6L_crop_6tf/preds_score_matrix.npz
old_query_excluded,crop_6tf,GSE335887,GF_V1_6L,CNOT10,25,32,702,0,0,32,strengthening_v2/embedding_calibration/GSE335887/6L_crop_6tf/preds_score_matrix.npz
old_query_excluded,crop_6tf,GSE335887,GF_V1_6L,DEAF1,25,32,702,0,0,32,strengthening_v2/embedding_calibration/GSE335887/6L_crop_6tf/preds_score_matrix.npz
old_query_excluded,crop_6tf,GSE335887,GF_V1_6L,DNMT1,25,32,702,0,0,32,strengthening_v2/embedding_calibration/GSE335887/6L_crop_6tf/preds_score_matrix.npz
old_query_excluded,crop_6tf,GSE335887,GF_V1_6L,FOXK1,25,19,715,0,0,19,strengthening_v2/embedding_calibration/GSE335887/6L_crop_6tf/preds_score_matrix.npz
old_query_excluded,crop_6tf,GSE335887,GF_V1_6L,IRF9,25,32,702,0,0,32,strengthening_v2/embedding_calibration/GSE335887/6L_crop_6tf/preds_score_matrix.npz
old_query_excluded,crop_6tf,GSE335887,GF_V1_6L,MAF,25,32,702,0,0,32,strengthening_v2/embedding_calibration/GSE335887/6L_crop_6tf/preds_score_matrix.npz
old_query_excluded,crop_6tf,GSE335887,GF_V1_6L,MEF2C,25,30,704,0,0,30,strengthening_v2/embedding_calibration/GSE335887/6L_crop_6tf/preds_score_matrix.npz
old_query_excluded,crop_6tf,GSE335887,GF_V1_6L,MEF2D,25,21,713,0,0,21,strengthening_v2/embedding_calibration/GSE335887/6L_crop_6tf/preds_score_matrix.npz
old_query_excluded,crop_6tf,GSE335887,GF_V1_6L,PRDM1,25,32,702,0,0,32,strengthening_v2/embedding_calibration/GSE335887/6L_crop_6tf/preds_score_matrix.npz
old_query_excluded,crop_6tf,GSE335887,GF_V1_6L,RELA,25,32,702,0,0,32,strengthening_v2/embedding_calibration/GSE335887/6L_crop_6tf/preds_score_matrix.npz
old_query_excluded,crop_6tf,GSE335887,GF_V1_6L,RUNX1,25,32,702,0,0,32,strengthening_v2/embedding_calibration/GSE335887/6L_crop_6tf/preds_score_matrix.npz
old_query_excluded,crop_6tf,GSE335887,GF_V1_6L,SALL4,25,30,704,0,0,30,strengthening_v2/embedding_calibration/GSE335887/6L_crop_6tf/preds_score_matrix.npz
old_query_excluded,crop_6tf,GSE335887,GF_V1_6L,SMAD3,25,10,724,0,0,10,strengthening_v2/embedding_calibration/GSE335887/6L_crop_6tf/preds_score_matrix.npz
old_query_excluded,crop_6tf,GSE335887,GF_V1_6L,SPI1,25,8,726,0,0,8,strengthening_v2/embedding_calibration/GSE335887/6L_crop_6tf/preds_score_matrix.npz
old_query_excluded,crop_6tf,GSE335887,GF_V1_6L,SREBF1,25,32,702,0,0,32,strengthening_v2/embedding_calibration/GSE335887/6L_crop_6tf/preds_score_matrix.npz
old_query_excluded,crop_6tf,GSE335887,GF_V1_6L,STAT1,25,32,702,0,0,32,strengthening_v2/embedding_calibration/GSE335887/6L_crop_6tf/preds_score_matrix.npz
old_query_excluded,crop_6tf,GSE335887,GF_V1_6L,STAT2,25,32,702,0,0,32,strengthening_v2/embedding_calibration/GSE335887/6L_crop_6tf/preds_score_matrix.npz
old_query_excluded,crop_6tf,GSE335887,GF_V1_6L,ZNF148,25,32,702,0,0,32,strengthening_v2/embedding_calibration/GSE335887/6L_crop_6tf/preds_score_matrix.npz
old_query_excluded,crop_6tf,GSE335887,GF_V1_6L,ZNF644,25,32,702,0,0,32,strengthening_v2/embedding_calibration/GSE335887/6L_crop_6tf/preds_score_matrix.npz
old_query_excluded,crop_6tf,GSE335887,GF_V1_12L,ARID2,25,32,702,0,0,32,strengthening_v2/embedding_calibration/GSE335887/12L_crop_6tf/preds_score_matrix.npz
old_query_excluded,crop_6tf,GSE335887,GF_V1_12L,ATMIN,25,32,702,0,0,32,strengthening_v2/embedding_calibration/GSE335887/12L_crop_6tf/preds_score_matrix.npz
old_query_excluded,crop_6tf,GSE335887,GF_V1_12L,BHLHE40,25,32,702,0,0,32,strengthening_v2/embedding_calibration/GSE335887/12L_crop_6tf/preds_score_matrix.npz
old_query_excluded,crop_6tf,GSE335887,GF_V1_12L,BHLHE41,25,32,702,0,0,32,strengthening_v2/embedding_calibration/GSE335887/12L_crop_6tf/preds_score_matrix.npz
old_query_excluded,crop_6tf,GSE335887,GF_V1_12L,BPTF,25,32,702,0,0,32,strengthening_v2/embedding_calibration/GSE335887/12L_crop_6tf/preds_score_matrix.npz
old_query_excluded,crop_6tf,GSE335887,GF_V1_12L,CEBPD,25,32,702,0,0,32,strengthening_v2/embedding_calibration/GSE335887/12L_crop_6tf/preds_score_matrix.npz
old_query_excluded,crop_6tf,GSE335887,GF_V1_12L,CNOT10,25,32,702,0,0,32,strengthening_v2/embedding_calibration/GSE335887/12L_crop_6tf/preds_score_matrix.npz
old_query_excluded,crop_6tf,GSE335887,GF_V1_12L,DEAF1,25,32,702,0,0,32,strengthening_v2/embedding_calibration/GSE335887/12L_crop_6tf/preds_score_matrix.npz
old_query_excluded,crop_6tf,GSE335887,GF_V1_12L,DNMT1,25,32,702,0,0,32,strengthening_v2/embedding_calibration/GSE335887/12L_crop_6tf/preds_score_matrix.npz
old_query_excluded,crop_6tf,GSE335887,GF_V1_12L,FOXK1,25,19,715,0,0,19,strengthening_v2/embedding_calibration/GSE335887/12L_crop_6tf/preds_score_matrix.npz
old_query_excluded,crop_6tf,GSE335887,GF_V1_12L,IRF9,25,32,702,0,0,32,strengthening_v2/embedding_calibration/GSE335887/12L_crop_6tf/preds_score_matrix.npz
old_query_excluded,crop_6tf,GSE335887,GF_V1_12L,MAF,25,32,702,0,0,32,strengthening_v2/embedding_calibration/GSE335887/12L_crop_6tf/preds_score_matrix.npz
old_query_excluded,crop_6tf,GSE335887,GF_V1_12L,MEF2C,25,30,704,0,0,30,strengthening_v2/embedding_calibration/GSE335887/12L_crop_6tf/preds_score_matrix.npz
old_query_excluded,crop_6tf,GSE335887,GF_V1_12L,MEF2D,25,21,713,0,0,21,strengthening_v2/embedding_calibration/GSE335887/12L_crop_6tf/preds_score_matrix.npz
old_query_excluded,crop_6tf,GSE335887,GF_V1_12L,PRDM1,25,32,702,0,0,32,strengthening_v2/embedding_calibration/GSE335887/12L_crop_6tf/preds_score_matrix.npz
old_query_excluded,crop_6tf,GSE335887,GF_V1_12L,RELA,25,32,702,0,0,32,strengthening_v2/embedding_calibration/GSE335887/12L_crop_6tf/preds_score_matrix.npz
old_query_excluded,crop_6tf,GSE335887,GF_V1_12L,RUNX1,25,32,702,0,0,32,strengthening_v2/embedding_calibration/GSE335887/12L_crop_6tf/preds_score_matrix.npz
old_query_excluded,crop_6tf,GSE335887,GF_V1_12L,SALL4,25,30,704,0,0,30,strengthening_v2/embedding_calibration/GSE335887/12L_crop_6tf/preds_score_matrix.npz
old_query_excluded,crop_6tf,GSE335887,GF_V1_12L,SMAD3,25,10,724,0,0,10,strengthening_v2/embedding_calibration/GSE335887/12L_crop_6tf/preds_score_matrix.npz
old_query_excluded,crop_6tf,GSE335887,GF_V1_12L,SPI1,25,8,726,0,0,8,strengthening_v2/embedding_calibration/GSE335887/12L_crop_6tf/preds_score_matrix.npz
old_query_excluded,crop_6tf,GSE335887,GF_V1_12L,SREBF1,25,32,702,0,0,32,strengthening_v2/embedding_calibration/GSE335887/12L_crop_6tf/preds_score_matrix.npz
old_query_excluded,crop_6tf,GSE335887,GF_V1_12L,STAT1,25,32,702,0,0,32,strengthening_v2/embedding_calibration/GSE335887/12L_crop_6tf/preds_score_matrix.npz
old_query_excluded,crop_6tf,GSE335887,GF_V1_12L,STAT2,25,32,702,0,0,32,strengthening_v2/embedding_calibration/GSE335887/12L_crop_6tf/preds_score_matrix.npz
old_query_excluded,crop_6tf,GSE335887,GF_V1_12L,ZNF148,25,32,702,0,0,32,strengthening_v2/embedding_calibration/GSE335887/12L_crop_6tf/preds_score_matrix.npz
old_query_excluded,crop_6tf,GSE335887,GF_V1_12L,ZNF644,25,32,702,0,0,32,strengthening_v2/embedding_calibration/GSE335887/12L_crop_6tf/preds_score_matrix.npz
old_query_excluded,cite_imgl,GSE335887,GF_V1_6L,ARID2,24,32,605,0,0,32,strengthening_v2/embedding_calibration/GSE335887/6L_cite_imgl/preds_score_matrix.npz
old_query_excluded,cite_imgl,GSE335887,GF_V1_6L,ARID5B,24,28,609,0,0,28,strengthening_v2/embedding_calibration/GSE335887/6L_cite_imgl/preds_score_matrix.npz
old_query_excluded,cite_imgl,GSE335887,GF_V1_6L,ATMIN,24,32,605,0,0,32,strengthening_v2/embedding_calibration/GSE335887/6L_cite_imgl/preds_score_matrix.npz
old_query_excluded,cite_imgl,GSE335887,GF_V1_6L,BHLHE40,24,32,605,0,0,32,strengthening_v2/embedding_calibration/GSE335887/6L_cite_imgl/preds_score_matrix.npz
old_query_excluded,cite_imgl,GSE335887,GF_V1_6L,BHLHE41,24,32,605,0,0,32,strengthening_v2/embedding_calibration/GSE335887/6L_cite_imgl/preds_score_matrix.npz
old_query_excluded,cite_imgl,GSE335887,GF_V1_6L,BPTF,24,32,605,0,0,32,strengthening_v2/embedding_calibration/GSE335887/6L_cite_imgl/preds_score_matrix.npz
old_query_excluded,cite_imgl,GSE335887,GF_V1_6L,CNOT10,24,32,605,0,0,32,strengthening_v2/embedding_calibration/GSE335887/6L_cite_imgl/preds_score_matrix.npz
old_query_excluded,cite_imgl,GSE335887,GF_V1_6L,DEAF1,24,32,605,0,0,32,strengthening_v2/embedding_calibration/GSE335887/6L_cite_imgl/preds_score_matrix.npz
old_query_excluded,cite_imgl,GSE335887,GF_V1_6L,FOXK1,24,25,612,0,0,25,strengthening_v2/embedding_calibration/GSE335887/6L_cite_imgl/preds_score_matrix.npz
old_query_excluded,cite_imgl,GSE335887,GF_V1_6L,IRF9,24,18,619,0,0,18,strengthening_v2/embedding_calibration/GSE335887/6L_cite_imgl/preds_score_matrix.npz
old_query_excluded,cite_imgl,GSE335887,GF_V1_6L,MAF,24,32,605,0,0,32,strengthening_v2/embedding_calibration/GSE335887/6L_cite_imgl/preds_score_matrix.npz
old_query_excluded,cite_imgl,GSE335887,GF_V1_6L,MEF2C,24,32,605,0,0,32,strengthening_v2/embedding_calibration/GSE335887/6L_cite_imgl/preds_score_matrix.npz
old_query_excluded,cite_imgl,GSE335887,GF_V1_6L,MEF2D,24,32,605,0,0,32,strengthening_v2/embedding_calibration/GSE335887/6L_cite_imgl/preds_score_matrix.npz
old_query_excluded,cite_imgl,GSE335887,GF_V1_6L,MITF,24,28,609,0,0,28,strengthening_v2/embedding_calibration/GSE335887/6L_cite_imgl/preds_score_matrix.npz
old_query_excluded,cite_imgl,GSE335887,GF_V1_6L,PRDM1,24,32,605,0,0,32,strengthening_v2/embedding_calibration/GSE335887/6L_cite_imgl/preds_score_matrix.npz
old_query_excluded,cite_imgl,GSE335887,GF_V1_6L,RELA,24,32,605,0,0,32,strengthening_v2/embedding_calibration/GSE335887/6L_cite_imgl/preds_score_matrix.npz
old_query_excluded,cite_imgl,GSE335887,GF_V1_6L,RUNX1,24,10,627,0,0,10,strengthening_v2/embedding_calibration/GSE335887/6L_cite_imgl/preds_score_matrix.npz
old_query_excluded,cite_imgl,GSE335887,GF_V1_6L,SREBF1,24,32,605,0,0,32,strengthening_v2/embedding_calibration/GSE335887/6L_cite_imgl/preds_score_matrix.npz
old_query_excluded,cite_imgl,GSE335887,GF_V1_6L,STAT1,24,32,605,0,0,32,strengthening_v2/embedding_calibration/GSE335887/6L_cite_imgl/preds_score_matrix.npz
old_query_excluded,cite_imgl,GSE335887,GF_V1_6L,STAT2,24,32,605,0,0,32,strengthening_v2/embedding_calibration/GSE335887/6L_cite_imgl/preds_score_matrix.npz
old_query_excluded,cite_imgl,GSE335887,GF_V1_6L,TCF4,24,32,605,0,0,32,strengthening_v2/embedding_calibration/GSE335887/6L_cite_imgl/preds_score_matrix.npz
old_query_excluded,cite_imgl,GSE335887,GF_V1_6L,ZNF148,24,32,605,0,0,32,strengthening_v2/embedding_calibration/GSE335887/6L_cite_imgl/preds_score_matrix.npz
old_query_excluded,cite_imgl,GSE335887,GF_V1_6L,ZNF532,24,18,619,0,0,18,strengthening_v2/embedding_calibration/GSE335887/6L_cite_imgl/preds_score_matrix.npz
old_query_excluded,cite_imgl,GSE335887,GF_V1_6L,ZNF644,24,32,605,0,0,32,strengthening_v2/embedding_calibration/GSE335887/6L_cite_imgl/preds_score_matrix.npz
old_query_excluded,cite_imgl,GSE335887,GF_V1_12L,ARID2,24,32,605,0,0,32,strengthening_v2/embedding_calibration/GSE335887/12L_cite_imgl/preds_score_matrix.npz
old_query_excluded,cite_imgl,GSE335887,GF_V1_12L,ARID5B,24,28,609,0,0,28,strengthening_v2/embedding_calibration/GSE335887/12L_cite_imgl/preds_score_matrix.npz
old_query_excluded,cite_imgl,GSE335887,GF_V1_12L,ATMIN,24,32,605,0,0,32,strengthening_v2/embedding_calibration/GSE335887/12L_cite_imgl/preds_score_matrix.npz
old_query_excluded,cite_imgl,GSE335887,GF_V1_12L,BHLHE40,24,32,605,0,0,32,strengthening_v2/embedding_calibration/GSE335887/12L_cite_imgl/preds_score_matrix.npz
old_query_excluded,cite_imgl,GSE335887,GF_V1_12L,BHLHE41,24,32,605,0,0,32,strengthening_v2/embedding_calibration/GSE335887/12L_cite_imgl/preds_score_matrix.npz
old_query_excluded,cite_imgl,GSE335887,GF_V1_12L,BPTF,24,32,605,0,0,32,strengthening_v2/embedding_calibration/GSE335887/12L_cite_imgl/preds_score_matrix.npz
old_query_excluded,cite_imgl,GSE335887,GF_V1_12L,CNOT10,24,32,605,0,0,32,strengthening_v2/embedding_calibration/GSE335887/12L_cite_imgl/preds_score_matrix.npz
old_query_excluded,cite_imgl,GSE335887,GF_V1_12L,DEAF1,24,32,605,0,0,32,strengthening_v2/embedding_calibration/GSE335887/12L_cite_imgl/preds_score_matrix.npz
old_query_excluded,cite_imgl,GSE335887,GF_V1_12L,FOXK1,24,25,612,0,0,25,strengthening_v2/embedding_calibration/GSE335887/12L_cite_imgl/preds_score_matrix.npz
old_query_excluded,cite_imgl,GSE335887,GF_V1_12L,IRF9,24,18,619,0,0,18,strengthening_v2/embedding_calibration/GSE335887/12L_cite_imgl/preds_score_matrix.npz
old_query_excluded,cite_imgl,GSE335887,GF_V1_12L,MAF,24,32,605,0,0,32,strengthening_v2/embedding_calibration/GSE335887/12L_cite_imgl/preds_score_matrix.npz
old_query_excluded,cite_imgl,GSE335887,GF_V1_12L,MEF2C,24,32,605,0,0,32,strengthening_v2/embedding_calibration/GSE335887/12L_cite_imgl/preds_score_matrix.npz
old_query_excluded,cite_imgl,GSE335887,GF_V1_12L,MEF2D,24,32,605,0,0,32,strengthening_v2/embedding_calibration/GSE335887/12L_cite_imgl/preds_score_matrix.npz
old_query_excluded,cite_imgl,GSE335887,GF_V1_12L,MITF,24,28,609,0,0,28,strengthening_v2/embedding_calibration/GSE335887/12L_cite_imgl/preds_score_matrix.npz
old_query_excluded,cite_imgl,GSE335887,GF_V1_12L,PRDM1,24,32,605,0,0,32,strengthening_v2/embedding_calibration/GSE335887/12L_cite_imgl/preds_score_matrix.npz
old_query_excluded,cite_imgl,GSE335887,GF_V1_12L,RELA,24,32,605,0,0,32,strengthening_v2/embedding_calibration/GSE335887/12L_cite_imgl/preds_score_matrix.npz
old_query_excluded,cite_imgl,GSE335887,GF_V1_12L,RUNX1,24,10,627,0,0,10,strengthening_v2/embedding_calibration/GSE335887/12L_cite_imgl/preds_score_matrix.npz
old_query_excluded,cite_imgl,GSE335887,GF_V1_12L,SREBF1,24,32,605,0,0,32,strengthening_v2/embedding_calibration/GSE335887/12L_cite_imgl/preds_score_matrix.npz
old_query_excluded,cite_imgl,GSE335887,GF_V1_12L,STAT1,24,32,605,0,0,32,strengthening_v2/embedding_calibration/GSE335887/12L_cite_imgl/preds_score_matrix.npz
old_query_excluded,cite_imgl,GSE335887,GF_V1_12L,STAT2,24,32,605,0,0,32,strengthening_v2/embedding_calibration/GSE335887/12L_cite_imgl/preds_score_matrix.npz
old_query_excluded,cite_imgl,GSE335887,GF_V1_12L,TCF4,24,32,605,0,0,32,strengthening_v2/embedding_calibration/GSE335887/12L_cite_imgl/preds_score_matrix.npz
old_query_excluded,cite_imgl,GSE335887,GF_V1_12L,ZNF148,24,32,605,0,0,32,strengthening_v2/embedding_calibration/GSE335887/12L_cite_imgl/preds_score_matrix.npz
old_query_excluded,cite_imgl,GSE335887,GF_V1_12L,ZNF532,24,18,619,0,0,18,strengthening_v2/embedding_calibration/GSE335887/12L_cite_imgl/preds_score_matrix.npz
old_query_excluded,cite_imgl,GSE335887,GF_V1_12L,ZNF644,24,32,605,0,0,32,strengthening_v2/embedding_calibration/GSE335887/12L_cite_imgl/preds_score_matrix.npz
old_query_excluded,microglia_pool,GSE178317,GF_V1_6L,ATP1A1,31,32,443,0,0,32,strengthening_v2/embedding_calibration/GSE178317/6L_microglia_pool/preds_score_matrix.npz
old_query_excluded,microglia_pool,GSE178317,GF_V1_6L,AURKB,31,22,453,0,0,22,strengthening_v2/embedding_calibration/GSE178317/6L_microglia_pool/preds_score_matrix.npz
old_query_excluded,microglia_pool,GSE178317,GF_V1_6L,CDC25B,31,20,455,0,0,20,strengthening_v2/embedding_calibration/GSE178317/6L_microglia_pool/preds_score_matrix.npz
old_query_excluded,microglia_pool,GSE178317,GF_V1_6L,CDK12,31,32,443,0,0,32,strengthening_v2/embedding_calibration/GSE178317/6L_microglia_pool/preds_score_matrix.npz
old_query_excluded,microglia_pool,GSE178317,GF_V1_6L,CSF1R,31,32,443,0,0,32,strengthening_v2/embedding_calibration/GSE178317/6L_microglia_pool/preds_score_matrix.npz
old_query_excluded,microglia_pool,GSE178317,GF_V1_6L,CSF2RA,31,32,443,0,0,32,strengthening_v2/embedding_calibration/GSE178317/6L_microglia_pool/preds_score_matrix.npz
old_query_excluded,microglia_pool,GSE178317,GF_V1_6L,CSF2RB,31,18,457,0,0,18,strengthening_v2/embedding_calibration/GSE178317/6L_microglia_pool/preds_score_matrix.npz
old_query_excluded,microglia_pool,GSE178317,GF_V1_6L,CSNK2A1,31,32,443,0,0,32,strengthening_v2/embedding_calibration/GSE178317/6L_microglia_pool/preds_score_matrix.npz
old_query_excluded,microglia_pool,GSE178317,GF_V1_6L,DBF4,31,32,443,0,0,32,strengthening_v2/embedding_calibration/GSE178317/6L_microglia_pool/preds_score_matrix.npz
old_query_excluded,microglia_pool,GSE178317,GF_V1_6L,DCPS,31,32,443,0,0,32,strengthening_v2/embedding_calibration/GSE178317/6L_microglia_pool/preds_score_matrix.npz
old_query_excluded,microglia_pool,GSE178317,GF_V1_6L,EPOR,31,13,462,0,0,13,strengthening_v2/embedding_calibration/GSE178317/6L_microglia_pool/preds_score_matrix.npz
old_query_excluded,microglia_pool,GSE178317,GF_V1_6L,IFNAR2,31,25,450,0,0,25,strengthening_v2/embedding_calibration/GSE178317/6L_microglia_pool/preds_score_matrix.npz
old_query_excluded,microglia_pool,GSE178317,GF_V1_6L,INPP5D,31,32,443,0,0,32,strengthening_v2/embedding_calibration/GSE178317/6L_microglia_pool/preds_score_matrix.npz
old_query_excluded,microglia_pool,GSE178317,GF_V1_6L,MAP2K6,31,32,443,0,0,32,strengthening_v2/embedding_calibration/GSE178317/6L_microglia_pool/preds_score_matrix.npz
old_query_excluded,microglia_pool,GSE178317,GF_V1_6L,MAPK14,31,14,461,0,0,14,strengthening_v2/embedding_calibration/GSE178317/6L_microglia_pool/preds_score_matrix.npz
old_query_excluded,microglia_pool,GSE178317,GF_V1_6L,MED1,31,32,443,0,0,32,strengthening_v2/embedding_calibration/GSE178317/6L_microglia_pool/preds_score_matrix.npz
old_query_excluded,microglia_pool,GSE178317,GF_V1_6L,MTHFD2,31,32,443,0,0,32,strengthening_v2/embedding_calibration/GSE178317/6L_microglia_pool/preds_score_matrix.npz
old_query_excluded,microglia_pool,GSE178317,GF_V1_6L,NDUFA8,31,32,443,0,0,32,strengthening_v2/embedding_calibration/GSE178317/6L_microglia_pool/preds_score_matrix.npz
old_query_excluded,microglia_pool,GSE178317,GF_V1_6L,NDUFS5,31,32,443,0,0,32,strengthening_v2/embedding_calibration/GSE178317/6L_microglia_pool/preds_score_matrix.npz
old_query_excluded,microglia_pool,GSE178317,GF_V1_6L,NDUFV2,31,32,443,0,0,32,strengthening_v2/embedding_calibration/GSE178317/6L_microglia_pool/preds_score_matrix.npz
old_query_excluded,microglia_pool,GSE178317,GF_V1_6L,PFN2,31,32,443,0,0,32,strengthening_v2/embedding_calibration/GSE178317/6L_microglia_pool/preds_score_matrix.npz
old_query_excluded,microglia_pool,GSE178317,GF_V1_6L,PKM,31,32,443,0,0,32,strengthening_v2/embedding_calibration/GSE178317/6L_microglia_pool/preds_score_matrix.npz
old_query_excluded,microglia_pool,GSE178317,GF_V1_6L,PPM1D,31,17,458,0,0,17,strengthening_v2/embedding_calibration/GSE178317/6L_microglia_pool/preds_score_matrix.npz
old_query_excluded,microglia_pool,GSE178317,GF_V1_6L,RPS6KB1,31,32,443,0,0,32,strengthening_v2/embedding_calibration/GSE178317/6L_microglia_pool/preds_score_matrix.npz
old_query_excluded,microglia_pool,GSE178317,GF_V1_6L,RPS6KB2,31,32,443,0,0,32,strengthening_v2/embedding_calibration/GSE178317/6L_microglia_pool/preds_score_matrix.npz
old_query_excluded,microglia_pool,GSE178317,GF_V1_6L,SPTLC2,31,32,443,0,0,32,strengthening_v2/embedding_calibration/GSE178317/6L_microglia_pool/preds_score_matrix.npz
old_query_excluded,microglia_pool,GSE178317,GF_V1_6L,STK40,31,32,443,0,0,32,strengthening_v2/embedding_calibration/GSE178317/6L_microglia_pool/preds_score_matrix.npz
old_query_excluded,microglia_pool,GSE178317,GF_V1_6L,TGFBR1,31,32,443,0,0,32,strengthening_v2/embedding_calibration/GSE178317/6L_microglia_pool/preds_score_matrix.npz
old_query_excluded,microglia_pool,GSE178317,GF_V1_6L,TGFBR2,31,32,443,0,0,32,strengthening_v2/embedding_calibration/GSE178317/6L_microglia_pool/preds_score_matrix.npz
old_query_excluded,microglia_pool,GSE178317,GF_V1_6L,TRAPPC3,31,32,443,0,0,32,strengthening_v2/embedding_calibration/GSE178317/6L_microglia_pool/preds_score_matrix.npz
old_query_excluded,microglia_pool,GSE178317,GF_V1_6L,ZMYND8,31,32,443,0,0,32,strengthening_v2/embedding_calibration/GSE178317/6L_microglia_pool/preds_score_matrix.npz
old_query_excluded,microglia_pool,GSE178317,GF_V1_12L,ATP1A1,31,32,443,0,0,32,strengthening_v2/embedding_calibration/GSE178317/12L_microglia_pool/preds_score_matrix.npz
old_query_excluded,microglia_pool,GSE178317,GF_V1_12L,AURKB,31,22,453,0,0,22,strengthening_v2/embedding_calibration/GSE178317/12L_microglia_pool/preds_score_matrix.npz
old_query_excluded,microglia_pool,GSE178317,GF_V1_12L,CDC25B,31,20,455,0,0,20,strengthening_v2/embedding_calibration/GSE178317/12L_microglia_pool/preds_score_matrix.npz
old_query_excluded,microglia_pool,GSE178317,GF_V1_12L,CDK12,31,32,443,0,0,32,strengthening_v2/embedding_calibration/GSE178317/12L_microglia_pool/preds_score_matrix.npz
old_query_excluded,microglia_pool,GSE178317,GF_V1_12L,CSF1R,31,32,443,0,0,32,strengthening_v2/embedding_calibration/GSE178317/12L_microglia_pool/preds_score_matrix.npz
old_query_excluded,microglia_pool,GSE178317,GF_V1_12L,CSF2RA,31,32,443,0,0,32,strengthening_v2/embedding_calibration/GSE178317/12L_microglia_pool/preds_score_matrix.npz
old_query_excluded,microglia_pool,GSE178317,GF_V1_12L,CSF2RB,31,18,457,0,0,18,strengthening_v2/embedding_calibration/GSE178317/12L_microglia_pool/preds_score_matrix.npz
old_query_excluded,microglia_pool,GSE178317,GF_V1_12L,CSNK2A1,31,32,443,0,0,32,strengthening_v2/embedding_calibration/GSE178317/12L_microglia_pool/preds_score_matrix.npz
old_query_excluded,microglia_pool,GSE178317,GF_V1_12L,DBF4,31,32,443,0,0,32,strengthening_v2/embedding_calibration/GSE178317/12L_microglia_pool/preds_score_matrix.npz
old_query_excluded,microglia_pool,GSE178317,GF_V1_12L,DCPS,31,32,443,0,0,32,strengthening_v2/embedding_calibration/GSE178317/12L_microglia_pool/preds_score_matrix.npz
old_query_excluded,microglia_pool,GSE178317,GF_V1_12L,EPOR,31,13,462,0,0,13,strengthening_v2/embedding_calibration/GSE178317/12L_microglia_pool/preds_score_matrix.npz
old_query_excluded,microglia_pool,GSE178317,GF_V1_12L,IFNAR2,31,25,450,0,0,25,strengthening_v2/embedding_calibration/GSE178317/12L_microglia_pool/preds_score_matrix.npz
old_query_excluded,microglia_pool,GSE178317,GF_V1_12L,INPP5D,31,32,443,0,0,32,strengthening_v2/embedding_calibration/GSE178317/12L_microglia_pool/preds_score_matrix.npz
old_query_excluded,microglia_pool,GSE178317,GF_V1_12L,MAP2K6,31,32,443,0,0,32,strengthening_v2/embedding_calibration/GSE178317/12L_microglia_pool/preds_score_matrix.npz
old_query_excluded,microglia_pool,GSE178317,GF_V1_12L,MAPK14,31,14,461,0,0,14,strengthening_v2/embedding_calibration/GSE178317/12L_microglia_pool/preds_score_matrix.npz
old_query_excluded,microglia_pool,GSE178317,GF_V1_12L,MED1,31,32,443,0,0,32,strengthening_v2/embedding_calibration/GSE178317/12L_microglia_pool/preds_score_matrix.npz
old_query_excluded,microglia_pool,GSE178317,GF_V1_12L,MTHFD2,31,32,443,0,0,32,strengthening_v2/embedding_calibration/GSE178317/12L_microglia_pool/preds_score_matrix.npz
old_query_excluded,microglia_pool,GSE178317,GF_V1_12L,NDUFA8,31,32,443,0,0,32,strengthening_v2/embedding_calibration/GSE178317/12L_microglia_pool/preds_score_matrix.npz
old_query_excluded,microglia_pool,GSE178317,GF_V1_12L,NDUFS5,31,32,443,0,0,32,strengthening_v2/embedding_calibration/GSE178317/12L_microglia_pool/preds_score_matrix.npz
old_query_excluded,microglia_pool,GSE178317,GF_V1_12L,NDUFV2,31,32,443,0,0,32,strengthening_v2/embedding_calibration/GSE178317/12L_microglia_pool/preds_score_matrix.npz
old_query_excluded,microglia_pool,GSE178317,GF_V1_12L,PFN2,31,32,443,0,0,32,strengthening_v2/embedding_calibration/GSE178317/12L_microglia_pool/preds_score_matrix.npz
old_query_excluded,microglia_pool,GSE178317,GF_V1_12L,PKM,31,32,443,0,0,32,strengthening_v2/embedding_calibration/GSE178317/12L_microglia_pool/preds_score_matrix.npz
old_query_excluded,microglia_pool,GSE178317,GF_V1_12L,PPM1D,31,17,458,0,0,17,strengthening_v2/embedding_calibration/GSE178317/12L_microglia_pool/preds_score_matrix.npz
old_query_excluded,microglia_pool,GSE178317,GF_V1_12L,RPS6KB1,31,32,443,0,0,32,strengthening_v2/embedding_calibration/GSE178317/12L_microglia_pool/preds_score_matrix.npz
old_query_excluded,microglia_pool,GSE178317,GF_V1_12L,RPS6KB2,31,32,443,0,0,32,strengthening_v2/embedding_calibration/GSE178317/12L_microglia_pool/preds_score_matrix.npz
old_query_excluded,microglia_pool,GSE178317,GF_V1_12L,SPTLC2,31,32,443,0,0,32,strengthening_v2/embedding_calibration/GSE178317/12L_microglia_pool/preds_score_matrix.npz
old_query_excluded,microglia_pool,GSE178317,GF_V1_12L,STK40,31,32,443,0,0,32,strengthening_v2/embedding_calibration/GSE178317/12L_microglia_pool/preds_score_matrix.npz
old_query_excluded,microglia_pool,GSE178317,GF_V1_12L,TGFBR1,31,32,443,0,0,32,strengthening_v2/embedding_calibration/GSE178317/12L_microglia_pool/preds_score_matrix.npz
old_query_excluded,microglia_pool,GSE178317,GF_V1_12L,TGFBR2,31,32,443,0,0,32,strengthening_v2/embedding_calibration/GSE178317/12L_microglia_pool/preds_score_matrix.npz
old_query_excluded,microglia_pool,GSE178317,GF_V1_12L,TRAPPC3,31,32,443,0,0,32,strengthening_v2/embedding_calibration/GSE178317/12L_microglia_pool/preds_score_matrix.npz
old_query_excluded,microglia_pool,GSE178317,GF_V1_12L,ZMYND8,31,32,443,0,0,32,strengthening_v2/embedding_calibration/GSE178317/12L_microglia_pool/preds_score_matrix.npz
old_query_excluded,microglia_pool,GSE178317,GF_V2_CLS,ATP1A1,34,32,443,0,0,32,strengthening_v3/results/geneformer_v2/microglia_pool/CLS/preds_score_matrix.npz
old_query_excluded,microglia_pool,GSE178317,GF_V2_CLS,AURKB,34,32,443,0,0,32,strengthening_v3/results/geneformer_v2/microglia_pool/CLS/preds_score_matrix.npz
old_query_excluded,microglia_pool,GSE178317,GF_V2_CLS,CDC25B,34,32,443,0,0,32,strengthening_v3/results/geneformer_v2/microglia_pool/CLS/preds_score_matrix.npz
old_query_excluded,microglia_pool,GSE178317,GF_V2_CLS,CDK12,34,32,443,0,0,32,strengthening_v3/results/geneformer_v2/microglia_pool/CLS/preds_score_matrix.npz
old_query_excluded,microglia_pool,GSE178317,GF_V2_CLS,CDK8,34,32,443,0,0,32,strengthening_v3/results/geneformer_v2/microglia_pool/CLS/preds_score_matrix.npz
old_query_excluded,microglia_pool,GSE178317,GF_V2_CLS,CSF1R,34,32,443,0,0,32,strengthening_v3/results/geneformer_v2/microglia_pool/CLS/preds_score_matrix.npz
old_query_excluded,microglia_pool,GSE178317,GF_V2_CLS,CSF2RA,34,32,443,0,0,32,strengthening_v3/results/geneformer_v2/microglia_pool/CLS/preds_score_matrix.npz
old_query_excluded,microglia_pool,GSE178317,GF_V2_CLS,CSF2RB,34,25,450,0,0,25,strengthening_v3/results/geneformer_v2/microglia_pool/CLS/preds_score_matrix.npz
old_query_excluded,microglia_pool,GSE178317,GF_V2_CLS,CSNK2A1,34,32,443,0,0,32,strengthening_v3/results/geneformer_v2/microglia_pool/CLS/preds_score_matrix.npz
old_query_excluded,microglia_pool,GSE178317,GF_V2_CLS,DBF4,34,32,443,0,0,32,strengthening_v3/results/geneformer_v2/microglia_pool/CLS/preds_score_matrix.npz
old_query_excluded,microglia_pool,GSE178317,GF_V2_CLS,DCPS,34,32,443,0,0,32,strengthening_v3/results/geneformer_v2/microglia_pool/CLS/preds_score_matrix.npz
old_query_excluded,microglia_pool,GSE178317,GF_V2_CLS,EPOR,34,25,450,0,0,25,strengthening_v3/results/geneformer_v2/microglia_pool/CLS/preds_score_matrix.npz
old_query_excluded,microglia_pool,GSE178317,GF_V2_CLS,IFNAR2,34,32,443,0,0,32,strengthening_v3/results/geneformer_v2/microglia_pool/CLS/preds_score_matrix.npz
old_query_excluded,microglia_pool,GSE178317,GF_V2_CLS,INPP5D,34,32,443,0,0,32,strengthening_v3/results/geneformer_v2/microglia_pool/CLS/preds_score_matrix.npz
old_query_excluded,microglia_pool,GSE178317,GF_V2_CLS,MAP2K6,34,32,443,0,0,32,strengthening_v3/results/geneformer_v2/microglia_pool/CLS/preds_score_matrix.npz
old_query_excluded,microglia_pool,GSE178317,GF_V2_CLS,MAPK14,34,32,443,0,0,32,strengthening_v3/results/geneformer_v2/microglia_pool/CLS/preds_score_matrix.npz
old_query_excluded,microglia_pool,GSE178317,GF_V2_CLS,MED1,34,32,443,0,0,32,strengthening_v3/results/geneformer_v2/microglia_pool/CLS/preds_score_matrix.npz
old_query_excluded,microglia_pool,GSE178317,GF_V2_CLS,MTHFD2,34,32,443,0,0,32,strengthening_v3/results/geneformer_v2/microglia_pool/CLS/preds_score_matrix.npz
old_query_excluded,microglia_pool,GSE178317,GF_V2_CLS,NDUFA8,34,32,443,0,0,32,strengthening_v3/results/geneformer_v2/microglia_pool/CLS/preds_score_matrix.npz
old_query_excluded,microglia_pool,GSE178317,GF_V2_CLS,NDUFS5,34,32,443,0,0,32,strengthening_v3/results/geneformer_v2/microglia_pool/CLS/preds_score_matrix.npz
old_query_excluded,microglia_pool,GSE178317,GF_V2_CLS,NDUFV2,34,32,443,0,0,32,strengthening_v3/results/geneformer_v2/microglia_pool/CLS/preds_score_matrix.npz
old_query_excluded,microglia_pool,GSE178317,GF_V2_CLS,PFN2,34,32,443,0,0,32,strengthening_v3/results/geneformer_v2/microglia_pool/CLS/preds_score_matrix.npz
old_query_excluded,microglia_pool,GSE178317,GF_V2_CLS,PKM,34,32,443,0,0,32,strengthening_v3/results/geneformer_v2/microglia_pool/CLS/preds_score_matrix.npz
old_query_excluded,microglia_pool,GSE178317,GF_V2_CLS,PPM1D,34,32,443,0,0,32,strengthening_v3/results/geneformer_v2/microglia_pool/CLS/preds_score_matrix.npz
old_query_excluded,microglia_pool,GSE178317,GF_V2_CLS,RPS6KA6,34,8,467,0,0,8,strengthening_v3/results/geneformer_v2/microglia_pool/CLS/preds_score_matrix.npz
old_query_excluded,microglia_pool,GSE178317,GF_V2_CLS,RPS6KB1,34,32,443,0,0,32,strengthening_v3/results/geneformer_v2/microglia_pool/CLS/preds_score_matrix.npz
old_query_excluded,microglia_pool,GSE178317,GF_V2_CLS,RPS6KB2,34,32,443,0,0,32,strengthening_v3/results/geneformer_v2/microglia_pool/CLS/preds_score_matrix.npz
old_query_excluded,microglia_pool,GSE178317,GF_V2_CLS,SPTLC2,34,32,443,0,0,32,strengthening_v3/results/geneformer_v2/microglia_pool/CLS/preds_score_matrix.npz
old_query_excluded,microglia_pool,GSE178317,GF_V2_CLS,STK40,34,32,443,0,0,32,strengthening_v3/results/geneformer_v2/microglia_pool/CLS/preds_score_matrix.npz
old_query_excluded,microglia_pool,GSE178317,GF_V2_CLS,TGFBR1,34,32,443,0,0,32,strengthening_v3/results/geneformer_v2/microglia_pool/CLS/preds_score_matrix.npz
old_query_excluded,microglia_pool,GSE178317,GF_V2_CLS,TGFBR2,34,32,443,0,0,32,strengthening_v3/results/geneformer_v2/microglia_pool/CLS/preds_score_matrix.npz
old_query_excluded,microglia_pool,GSE178317,GF_V2_CLS,TRAPPC3,34,32,443,0,0,32,strengthening_v3/results/geneformer_v2/microglia_pool/CLS/preds_score_matrix.npz
old_query_excluded,microglia_pool,GSE178317,GF_V2_CLS,TRIM24,34,32,443,0,0,32,strengthening_v3/results/geneformer_v2/microglia_pool/CLS/preds_score_matrix.npz
old_query_excluded,microglia_pool,GSE178317,GF_V2_CLS,ZMYND8,34,32,443,0,0,32,strengthening_v3/results/geneformer_v2/microglia_pool/CLS/preds_score_matrix.npz
old_query_excluded,microglia_pool,GSE178317,GF_V2_panel_mean,ATP1A1,34,32,443,0,0,32,strengthening_v3/results/geneformer_v2/microglia_pool/panel_mean/preds_score_matrix.npz
old_query_excluded,microglia_pool,GSE178317,GF_V2_panel_mean,AURKB,34,32,443,0,0,32,strengthening_v3/results/geneformer_v2/microglia_pool/panel_mean/preds_score_matrix.npz
old_query_excluded,microglia_pool,GSE178317,GF_V2_panel_mean,CDC25B,34,32,443,0,0,32,strengthening_v3/results/geneformer_v2/microglia_pool/panel_mean/preds_score_matrix.npz
old_query_excluded,microglia_pool,GSE178317,GF_V2_panel_mean,CDK12,34,32,443,0,0,32,strengthening_v3/results/geneformer_v2/microglia_pool/panel_mean/preds_score_matrix.npz
old_query_excluded,microglia_pool,GSE178317,GF_V2_panel_mean,CDK8,34,32,443,0,0,32,strengthening_v3/results/geneformer_v2/microglia_pool/panel_mean/preds_score_matrix.npz
old_query_excluded,microglia_pool,GSE178317,GF_V2_panel_mean,CSF1R,34,32,443,0,0,32,strengthening_v3/results/geneformer_v2/microglia_pool/panel_mean/preds_score_matrix.npz
old_query_excluded,microglia_pool,GSE178317,GF_V2_panel_mean,CSF2RA,34,32,443,0,0,32,strengthening_v3/results/geneformer_v2/microglia_pool/panel_mean/preds_score_matrix.npz
old_query_excluded,microglia_pool,GSE178317,GF_V2_panel_mean,CSF2RB,34,25,450,0,0,25,strengthening_v3/results/geneformer_v2/microglia_pool/panel_mean/preds_score_matrix.npz
old_query_excluded,microglia_pool,GSE178317,GF_V2_panel_mean,CSNK2A1,34,32,443,0,0,32,strengthening_v3/results/geneformer_v2/microglia_pool/panel_mean/preds_score_matrix.npz
old_query_excluded,microglia_pool,GSE178317,GF_V2_panel_mean,DBF4,34,32,443,0,0,32,strengthening_v3/results/geneformer_v2/microglia_pool/panel_mean/preds_score_matrix.npz
old_query_excluded,microglia_pool,GSE178317,GF_V2_panel_mean,DCPS,34,32,443,0,0,32,strengthening_v3/results/geneformer_v2/microglia_pool/panel_mean/preds_score_matrix.npz
old_query_excluded,microglia_pool,GSE178317,GF_V2_panel_mean,EPOR,34,25,450,0,0,25,strengthening_v3/results/geneformer_v2/microglia_pool/panel_mean/preds_score_matrix.npz
old_query_excluded,microglia_pool,GSE178317,GF_V2_panel_mean,IFNAR2,34,32,443,0,0,32,strengthening_v3/results/geneformer_v2/microglia_pool/panel_mean/preds_score_matrix.npz
old_query_excluded,microglia_pool,GSE178317,GF_V2_panel_mean,INPP5D,34,32,443,0,0,32,strengthening_v3/results/geneformer_v2/microglia_pool/panel_mean/preds_score_matrix.npz
old_query_excluded,microglia_pool,GSE178317,GF_V2_panel_mean,MAP2K6,34,32,443,0,0,32,strengthening_v3/results/geneformer_v2/microglia_pool/panel_mean/preds_score_matrix.npz
old_query_excluded,microglia_pool,GSE178317,GF_V2_panel_mean,MAPK14,34,32,443,0,0,32,strengthening_v3/results/geneformer_v2/microglia_pool/panel_mean/preds_score_matrix.npz
old_query_excluded,microglia_pool,GSE178317,GF_V2_panel_mean,MED1,34,32,443,0,0,32,strengthening_v3/results/geneformer_v2/microglia_pool/panel_mean/preds_score_matrix.npz
old_query_excluded,microglia_pool,GSE178317,GF_V2_panel_mean,MTHFD2,34,32,443,0,0,32,strengthening_v3/results/geneformer_v2/microglia_pool/panel_mean/preds_score_matrix.npz
old_query_excluded,microglia_pool,GSE178317,GF_V2_panel_mean,NDUFA8,34,32,443,0,0,32,strengthening_v3/results/geneformer_v2/microglia_pool/panel_mean/preds_score_matrix.npz
old_query_excluded,microglia_pool,GSE178317,GF_V2_panel_mean,NDUFS5,34,32,443,0,0,32,strengthening_v3/results/geneformer_v2/microglia_pool/panel_mean/preds_score_matrix.npz
old_query_excluded,microglia_pool,GSE178317,GF_V2_panel_mean,NDUFV2,34,32,443,0,0,32,strengthening_v3/results/geneformer_v2/microglia_pool/panel_mean/preds_score_matrix.npz
old_query_excluded,microglia_pool,GSE178317,GF_V2_panel_mean,PFN2,34,32,443,0,0,32,strengthening_v3/results/geneformer_v2/microglia_pool/panel_mean/preds_score_matrix.npz
old_query_excluded,microglia_pool,GSE178317,GF_V2_panel_mean,PKM,34,32,443,0,0,32,strengthening_v3/results/geneformer_v2/microglia_pool/panel_mean/preds_score_matrix.npz
old_query_excluded,microglia_pool,GSE178317,GF_V2_panel_mean,PPM1D,34,32,443,0,0,32,strengthening_v3/results/geneformer_v2/microglia_pool/panel_mean/preds_score_matrix.npz
old_query_excluded,microglia_pool,GSE178317,GF_V2_panel_mean,RPS6KA6,34,8,467,0,0,8,strengthening_v3/results/geneformer_v2/microglia_pool/panel_mean/preds_score_matrix.npz
old_query_excluded,microglia_pool,GSE178317,GF_V2_panel_mean,RPS6KB1,34,32,443,0,0,32,strengthening_v3/results/geneformer_v2/microglia_pool/panel_mean/preds_score_matrix.npz
old_query_excluded,microglia_pool,GSE178317,GF_V2_panel_mean,RPS6KB2,34,32,443,0,0,32,strengthening_v3/results/geneformer_v2/microglia_pool/panel_mean/preds_score_matrix.npz
old_query_excluded,microglia_pool,GSE178317,GF_V2_panel_mean,SPTLC2,34,32,443,0,0,32,strengthening_v3/results/geneformer_v2/microglia_pool/panel_mean/preds_score_matrix.npz
old_query_excluded,microglia_pool,GSE178317,GF_V2_panel_mean,STK40,34,32,443,0,0,32,strengthening_v3/results/geneformer_v2/microglia_pool/panel_mean/preds_score_matrix.npz
old_query_excluded,microglia_pool,GSE178317,GF_V2_panel_mean,TGFBR1,34,32,443,0,0,32,strengthening_v3/results/geneformer_v2/microglia_pool/panel_mean/preds_score_matrix.npz
old_query_excluded,microglia_pool,GSE178317,GF_V2_panel_mean,TGFBR2,34,32,443,0,0,32,strengthening_v3/results/geneformer_v2/microglia_pool/panel_mean/preds_score_matrix.npz
old_query_excluded,microglia_pool,GSE178317,GF_V2_panel_mean,TRAPPC3,34,32,443,0,0,32,strengthening_v3/results/geneformer_v2/microglia_pool/panel_mean/preds_score_matrix.npz
old_query_excluded,microglia_pool,GSE178317,GF_V2_panel_mean,TRIM24,34,32,443,0,0,32,strengthening_v3/results/geneformer_v2/microglia_pool/panel_mean/preds_score_matrix.npz
old_query_excluded,microglia_pool,GSE178317,GF_V2_panel_mean,ZMYND8,34,32,443,0,0,32,strengthening_v3/results/geneformer_v2/microglia_pool/panel_mean/preds_score_matrix.npz
old_query_excluded,ag07657_pool,GSE311359,GF_V1_6L,BIN1,10,32,932,0,0,32,strengthening_v3/results/legacy_ag07657/6L_ag07657_pool/preds_score_matrix.npz
old_query_excluded,ag07657_pool,GSE311359,GF_V1_6L,C3,10,32,932,0,0,32,strengthening_v3/results/legacy_ag07657/6L_ag07657_pool/preds_score_matrix.npz
old_query_excluded,ag07657_pool,GSE311359,GF_V1_6L,CD86,10,32,932,0,0,32,strengthening_v3/results/legacy_ag07657/6L_ag07657_pool/preds_score_matrix.npz
old_query_excluded,ag07657_pool,GSE311359,GF_V1_6L,ELMO1,10,32,932,0,0,32,strengthening_v3/results/legacy_ag07657/6L_ag07657_pool/preds_score_matrix.npz
old_query_excluded,ag07657_pool,GSE311359,GF_V1_6L,IFNGR1,10,32,932,0,0,32,strengthening_v3/results/legacy_ag07657/6L_ag07657_pool/preds_score_matrix.npz
old_query_excluded,ag07657_pool,GSE311359,GF_V1_6L,IRF5,10,32,932,0,0,32,strengthening_v3/results/legacy_ag07657/6L_ag07657_pool/preds_score_matrix.npz
old_query_excluded,ag07657_pool,GSE311359,GF_V1_6L,MAF,10,32,932,0,0,32,strengthening_v3/results/legacy_ag07657/6L_ag07657_pool/preds_score_matrix.npz
old_query_excluded,ag07657_pool,GSE311359,GF_V1_6L,MARCHF1,10,32,932,0,0,32,strengthening_v3/results/legacy_ag07657/6L_ag07657_pool/preds_score_matrix.npz
old_query_excluded,ag07657_pool,GSE311359,GF_V1_6L,MERTK,10,32,932,0,0,32,strengthening_v3/results/legacy_ag07657/6L_ag07657_pool/preds_score_matrix.npz
old_query_excluded,ag07657_pool,GSE311359,GF_V1_6L,SLC25A19,10,32,932,0,0,32,strengthening_v3/results/legacy_ag07657/6L_ag07657_pool/preds_score_matrix.npz
old_query_excluded,ag07657_pool,GSE311359,GF_V1_12L,BIN1,10,32,932,0,0,32,strengthening_v3/results/legacy_ag07657/12L_ag07657_pool/preds_score_matrix.npz
old_query_excluded,ag07657_pool,GSE311359,GF_V1_12L,C3,10,32,932,0,0,32,strengthening_v3/results/legacy_ag07657/12L_ag07657_pool/preds_score_matrix.npz
old_query_excluded,ag07657_pool,GSE311359,GF_V1_12L,CD86,10,32,932,0,0,32,strengthening_v3/results/legacy_ag07657/12L_ag07657_pool/preds_score_matrix.npz
old_query_excluded,ag07657_pool,GSE311359,GF_V1_12L,ELMO1,10,32,932,0,0,32,strengthening_v3/results/legacy_ag07657/12L_ag07657_pool/preds_score_matrix.npz
old_query_excluded,ag07657_pool,GSE311359,GF_V1_12L,IFNGR1,10,32,932,0,0,32,strengthening_v3/results/legacy_ag07657/12L_ag07657_pool/preds_score_matrix.npz
old_query_excluded,ag07657_pool,GSE311359,GF_V1_12L,IRF5,10,32,932,0,0,32,strengthening_v3/results/legacy_ag07657/12L_ag07657_pool/preds_score_matrix.npz
old_query_excluded,ag07657_pool,GSE311359,GF_V1_12L,MAF,10,32,932,0,0,32,strengthening_v3/results/legacy_ag07657/12L_ag07657_pool/preds_score_matrix.npz
old_query_excluded,ag07657_pool,GSE311359,GF_V1_12L,MARCHF1,10,32,932,0,0,32,strengthening_v3/results/legacy_ag07657/12L_ag07657_pool/preds_score_matrix.npz
old_query_excluded,ag07657_pool,GSE311359,GF_V1_12L,MERTK,10,32,932,0,0,32,strengthening_v3/results/legacy_ag07657/12L_ag07657_pool/preds_score_matrix.npz
old_query_excluded,ag07657_pool,GSE311359,GF_V1_12L,SLC25A19,10,32,932,0,0,32,strengthening_v3/results/legacy_ag07657/12L_ag07657_pool/preds_score_matrix.npz
old_query_excluded,ag07657_pool,GSE311359,GF_V2_CLS,BIN1,10,32,932,0,0,32,strengthening_v3/results/geneformer_v2/ag07657_pool/CLS/preds_score_matrix.npz
old_query_excluded,ag07657_pool,GSE311359,GF_V2_CLS,C3,10,32,932,0,0,32,strengthening_v3/results/geneformer_v2/ag07657_pool/CLS/preds_score_matrix.npz
old_query_excluded,ag07657_pool,GSE311359,GF_V2_CLS,CD86,10,32,932,0,0,32,strengthening_v3/results/geneformer_v2/ag07657_pool/CLS/preds_score_matrix.npz
old_query_excluded,ag07657_pool,GSE311359,GF_V2_CLS,ELMO1,10,32,932,0,0,32,strengthening_v3/results/geneformer_v2/ag07657_pool/CLS/preds_score_matrix.npz
old_query_excluded,ag07657_pool,GSE311359,GF_V2_CLS,IFNGR1,10,32,932,0,0,32,strengthening_v3/results/geneformer_v2/ag07657_pool/CLS/preds_score_matrix.npz
old_query_excluded,ag07657_pool,GSE311359,GF_V2_CLS,IRF5,10,32,932,0,0,32,strengthening_v3/results/geneformer_v2/ag07657_pool/CLS/preds_score_matrix.npz
old_query_excluded,ag07657_pool,GSE311359,GF_V2_CLS,MAF,10,32,932,0,0,32,strengthening_v3/results/geneformer_v2/ag07657_pool/CLS/preds_score_matrix.npz
old_query_excluded,ag07657_pool,GSE311359,GF_V2_CLS,MARCHF1,10,32,932,0,0,32,strengthening_v3/results/geneformer_v2/ag07657_pool/CLS/preds_score_matrix.npz
old_query_excluded,ag07657_pool,GSE311359,GF_V2_CLS,MERTK,10,32,932,0,0,32,strengthening_v3/results/geneformer_v2/ag07657_pool/CLS/preds_score_matrix.npz
old_query_excluded,ag07657_pool,GSE311359,GF_V2_CLS,SLC25A19,10,32,932,0,0,32,strengthening_v3/results/geneformer_v2/ag07657_pool/CLS/preds_score_matrix.npz
old_query_excluded,ag07657_pool,GSE311359,GF_V2_panel_mean,BIN1,10,32,932,0,0,32,strengthening_v3/results/geneformer_v2/ag07657_pool/panel_mean/preds_score_matrix.npz
old_query_excluded,ag07657_pool,GSE311359,GF_V2_panel_mean,C3,10,32,932,0,0,32,strengthening_v3/results/geneformer_v2/ag07657_pool/panel_mean/preds_score_matrix.npz
old_query_excluded,ag07657_pool,GSE311359,GF_V2_panel_mean,CD86,10,32,932,0,0,32,strengthening_v3/results/geneformer_v2/ag07657_pool/panel_mean/preds_score_matrix.npz
old_query_excluded,ag07657_pool,GSE311359,GF_V2_panel_mean,ELMO1,10,32,932,0,0,32,strengthening_v3/results/geneformer_v2/ag07657_pool/panel_mean/preds_score_matrix.npz
old_query_excluded,ag07657_pool,GSE311359,GF_V2_panel_mean,IFNGR1,10,32,932,0,0,32,strengthening_v3/results/geneformer_v2/ag07657_pool/panel_mean/preds_score_matrix.npz
old_query_excluded,ag07657_pool,GSE311359,GF_V2_panel_mean,IRF5,10,32,932,0,0,32,strengthening_v3/results/geneformer_v2/ag07657_pool/panel_mean/preds_score_matrix.npz
old_query_excluded,ag07657_pool,GSE311359,GF_V2_panel_mean,MAF,10,32,932,0,0,32,strengthening_v3/results/geneformer_v2/ag07657_pool/panel_mean/preds_score_matrix.npz
old_query_excluded,ag07657_pool,GSE311359,GF_V2_panel_mean,MARCHF1,10,32,932,0,0,32,strengthening_v3/results/geneformer_v2/ag07657_pool/panel_mean/preds_score_matrix.npz
old_query_excluded,ag07657_pool,GSE311359,GF_V2_panel_mean,MERTK,10,32,932,0,0,32,strengthening_v3/results/geneformer_v2/ag07657_pool/panel_mean/preds_score_matrix.npz
old_query_excluded,ag07657_pool,GSE311359,GF_V2_panel_mean,SLC25A19,10,32,932,0,0,32,strengthening_v3/results/geneformer_v2/ag07657_pool/panel_mean/preds_score_matrix.npz
