cell_id,guide_id,target_id,is_control,source_excluded_guide,source,experiment,background,source_guide_n,full_feature_count_total
iTF_merged::GTCGACTAGCCAGTAC-cite_6tf,ARID2_g1,ARID2,False,False,GSE335887,cite_6tf,WTC11,182,2949.0
iTF_merged::CTCCTTGAGTTGGATT-cite_6tf,ARID2_g1,ARID2,False,False,GSE335887,cite_6tf,WTC11,182,2653.0
iTF_merged::TACATCCTCTATGACG-cite_6tf,ARID2_g1,ARID2,False,False,GSE335887,cite_6tf,WTC11,182,3860.0
iTF_merged::GGTCTAATCGTGACTA-cite_6tf,ARID2_g1,ARID2,False,False,GSE335887,cite_6tf,WTC11,182,7443.0
iTF_merged::TGATTTGGTTCGGCGT-cite_6tf,ARID2_g1,ARID2,False,False,GSE335887,cite_6tf,WTC11,182,3355.0
iTF_merged::CCGGAAGGTAACTCTA-cite_6tf,ARID2_g1,ARID2,False,False,GSE335887,cite_6tf,WTC11,182,3937.0
iTF_merged::AAGGTTGGTAGCCTGC-cite_6tf,ARID2_g1,ARID2,False,False,GSE335887,cite_6tf,WTC11,182,4744.0
iTF_merged::AACATTGCATTCGTGC-cite_6tf,ARID2_g1,ARID2,False,False,GSE335887,cite_6tf,WTC11,182,1621.0
iTF_merged::GTTCAGGCATGATTAG-cite_6tf,ARID2_g1,ARID2,False,False,GSE335887,cite_6tf,WTC11,182,6812.0
iTF_merged::CGTTACTTCTCATGTC-cite_6tf,ARID2_g1,ARID2,False,False,GSE335887,cite_6tf,WTC11,182,4882.0
iTF_merged::GCTGCGATCCTGAGTA-cite_6tf,ARID2_g1,ARID2,False,False,GSE335887,cite_6tf,WTC11,182,6424.0
iTF_merged::GTTCAATAGGCGTAAG-cite_6tf,ARID2_g1,ARID2,False,False,GSE335887,cite_6tf,WTC11,182,2354.0
iTF_merged::CATTTCGCAGTACTAA-cite_6tf,ARID2_g1,ARID2,False,False,GSE335887,cite_6tf,WTC11,182,5010.0
iTF_merged::CGCACTTCAACCTGTC-cite_6tf,ARID2_g1,ARID2,False,False,GSE335887,cite_6tf,WTC11,182,5025.0
iTF_merged::ACACGAAGTATGTAGG-cite_6tf,ARID2_g1,ARID2,False,False,GSE335887,cite_6tf,WTC11,182,4244.0
iTF_merged::CACTACTTCATGCTCT-cite_6tf,ARID2_g1,ARID2,False,False,GSE335887,cite_6tf,WTC11,182,3956.0
iTF_merged::CCACACAGTGCAATCT-cite_6tf,ARID2_g1,ARID2,False,False,GSE335887,cite_6tf,WTC11,182,5689.0
iTF_merged::TCAGCTGGTTTGGAGA-cite_6tf,ARID2_g1,ARID2,False,False,GSE335887,cite_6tf,WTC11,182,2866.0
iTF_merged::AGAGGCTGTTAGGTGA-cite_6tf,ARID2_g1,ARID2,False,False,GSE335887,cite_6tf,WTC11,182,3287.0
iTF_merged::ACCCAAATCTGTGAGC-cite_6tf,ARID2_g1,ARID2,False,False,GSE335887,cite_6tf,WTC11,182,3612.0
iTF_merged::TGCCACCTCCTCAACT-cite_6tf,ARID2_g1,ARID2,False,False,GSE335887,cite_6tf,WTC11,182,8273.0
iTF_merged::AGAGACCGTAACGGGT-cite_6tf,ARID2_g1,ARID2,False,False,GSE335887,cite_6tf,WTC11,182,4149.0
iTF_merged::CGCTTCATCATGCAGC-cite_6tf,ARID2_g1,ARID2,False,False,GSE335887,cite_6tf,WTC11,182,6029.0
iTF_merged::CGTAGGGGTAACGTCT-cite_6tf,ARID2_g1,ARID2,False,False,GSE335887,cite_6tf,WTC11,182,3068.0
iTF_merged::ATCTCCACATGGTGAT-cite_6tf,ARID2_g1,ARID2,False,False,GSE335887,cite_6tf,WTC11,182,4392.0
iTF_merged::AGTGCCCGTTGGGCAG-cite_6tf,ARID2_g1,ARID2,False,False,GSE335887,cite_6tf,WTC11,182,4977.0
iTF_merged::ACTGATTAGCAACCGT-cite_6tf,ARID2_g1,ARID2,False,False,GSE335887,cite_6tf,WTC11,182,3547.0
iTF_merged::TAGCGGTTCCAGAGGA-cite_6tf,ARID2_g1,ARID2,False,False,GSE335887,cite_6tf,WTC11,182,5829.0
iTF_merged::AACTTCCTCCGCACCT-cite_6tf,ARID2_g1,ARID2,False,False,GSE335887,cite_6tf,WTC11,182,5458.0
iTF_merged::ATAGCCATCGTGAACC-cite_6tf,ARID2_g1,ARID2,False,False,GSE335887,cite_6tf,WTC11,182,5323.0
iTF_merged::CAACTCCCAAGCTTAA-cite_6tf,ARID2_g1,ARID2,False,False,GSE335887,cite_6tf,WTC11,182,6823.0
iTF_merged::ATGGTCATCACCATCT-cite_6tf,ARID2_g1,ARID2,False,False,GSE335887,cite_6tf,WTC11,182,5721.0
iTF_merged::TGAGTGAGTTGTGCTG-cite_6tf,ARID2_g2,ARID2,False,False,GSE335887,cite_6tf,WTC11,194,2596.0
iTF_merged::AACTGGTCAAATCAGC-cite_6tf,ARID2_g2,ARID2,False,False,GSE335887,cite_6tf,WTC11,194,7972.0
iTF_merged::AGGCTCACAATACAGC-cite_6tf,ARID2_g2,ARID2,False,False,GSE335887,cite_6tf,WTC11,194,3425.0
iTF_merged::GTATCGATCGTTGCGG-cite_6tf,ARID2_g2,ARID2,False,False,GSE335887,cite_6tf,WTC11,194,4711.0
iTF_merged::CCCATCTGTTTCCGTC-cite_6tf,ARID2_g2,ARID2,False,False,GSE335887,cite_6tf,WTC11,194,3190.0
iTF_merged::CTAAATGCATTCCTTC-cite_6tf,ARID2_g2,ARID2,False,False,GSE335887,cite_6tf,WTC11,194,5057.0
iTF_merged::AGTGAGGTCCCTCTCT-cite_6tf,ARID2_g2,ARID2,False,False,GSE335887,cite_6tf,WTC11,194,4999.0
iTF_merged::AAGCTCTGTTTGGAAG-cite_6tf,ARID2_g2,ARID2,False,False,GSE335887,cite_6tf,WTC11,194,5910.0
iTF_merged::AATATCGCAAACTACA-cite_6tf,ARID2_g2,ARID2,False,False,GSE335887,cite_6tf,WTC11,194,6729.0
iTF_merged::CATCTCACAACTCGCT-cite_6tf,ARID2_g2,ARID2,False,False,GSE335887,cite_6tf,WTC11,194,6693.0
iTF_merged::TGGGGTAAGATTCCAG-cite_6tf,ARID2_g2,ARID2,False,False,GSE335887,cite_6tf,WTC11,194,5649.0
iTF_merged::CGGGTTTAGGAACCCT-cite_6tf,ARID2_g2,ARID2,False,False,GSE335887,cite_6tf,WTC11,194,2541.0
iTF_merged::AATGATGAGGGTCATC-cite_6tf,ARID2_g2,ARID2,False,False,GSE335887,cite_6tf,WTC11,194,5008.0
iTF_merged::GGATGTGAGGGTGACA-cite_6tf,ARID2_g2,ARID2,False,False,GSE335887,cite_6tf,WTC11,194,1997.0
iTF_merged::AGAGAGGGTAGTTGGA-cite_6tf,ARID2_g2,ARID2,False,False,GSE335887,cite_6tf,WTC11,194,5397.0
iTF_merged::CTGCATCCATCACGGA-cite_6tf,ARID2_g2,ARID2,False,False,GSE335887,cite_6tf,WTC11,194,3916.0
iTF_merged::TCTCGATTCGCGCCAA-cite_6tf,ARID2_g2,ARID2,False,False,GSE335887,cite_6tf,WTC11,194,3776.0
iTF_merged::GGTCGCATCTTGACTC-cite_6tf,ARID2_g2,ARID2,False,False,GSE335887,cite_6tf,WTC11,194,2935.0
iTF_merged::GGAATTGGTTAGCCCA-cite_6tf,ARID2_g2,ARID2,False,False,GSE335887,cite_6tf,WTC11,194,6063.0
iTF_merged::GTGAGTGAGGTCGAGA-cite_6tf,ARID2_g2,ARID2,False,False,GSE335887,cite_6tf,WTC11,194,3959.0
iTF_merged::ACCACAATCGCTTGAA-cite_6tf,ARID2_g2,ARID2,False,False,GSE335887,cite_6tf,WTC11,194,8574.0
iTF_merged::CTGACCCTCCTGCTCA-cite_6tf,ARID2_g2,ARID2,False,False,GSE335887,cite_6tf,WTC11,194,5857.0
iTF_merged::CAATCTTCAGGACATT-cite_6tf,ARID2_g2,ARID2,False,False,GSE335887,cite_6tf,WTC11,194,2898.0
iTF_merged::TCGAATGTCACGTAGC-cite_6tf,ARID2_g2,ARID2,False,False,GSE335887,cite_6tf,WTC11,194,5881.0
iTF_merged::ATAACGTTCAGGTCGT-cite_6tf,ARID2_g2,ARID2,False,False,GSE335887,cite_6tf,WTC11,194,3842.0
iTF_merged::GGTACGCCAAGCTATA-cite_6tf,ARID2_g2,ARID2,False,False,GSE335887,cite_6tf,WTC11,194,3480.0
iTF_merged::CATAACTAGCTGGAAG-cite_6tf,ARID2_g2,ARID2,False,False,GSE335887,cite_6tf,WTC11,194,3799.0
iTF_merged::ACTGCATGTAGGCGCA-cite_6tf,ARID2_g2,ARID2,False,False,GSE335887,cite_6tf,WTC11,194,5912.0
iTF_merged::CAAGACTCATGGCGAC-cite_6tf,ARID2_g2,ARID2,False,False,GSE335887,cite_6tf,WTC11,194,4081.0
iTF_merged::CTGTGGGTCCGCTGAG-cite_6tf,ARID2_g2,ARID2,False,False,GSE335887,cite_6tf,WTC11,194,3302.0
iTF_merged::AACAGGTAGCATCGAC-cite_6tf,ARID2_g2,ARID2,False,False,GSE335887,cite_6tf,WTC11,194,10072.0
iTF_merged::CGTTCCGCACTATCCA-cite_6tf,ARID2_g2,ARID2,False,False,GSE335887,cite_6tf,WTC11,194,3774.0
iTF_merged::GGGGACTAGTCTCTGT-cite_6tf,ARID5B_g1,ARID5B,False,False,GSE335887,cite_6tf,WTC11,138,4404.0
iTF_merged::TCATGCTTCTAAGCGC-cite_6tf,ARID5B_g1,ARID5B,False,False,GSE335887,cite_6tf,WTC11,138,1082.0
iTF_merged::TACGGGCCACTACCAC-cite_6tf,ARID5B_g1,ARID5B,False,False,GSE335887,cite_6tf,WTC11,138,6003.0
iTF_merged::CAATCCGGTTAGCGAA-cite_6tf,ARID5B_g1,ARID5B,False,False,GSE335887,cite_6tf,WTC11,138,7798.0
iTF_merged::AGCTTAGTCCATATCC-cite_6tf,ARID5B_g1,ARID5B,False,False,GSE335887,cite_6tf,WTC11,138,5457.0
iTF_merged::CCACGCAAGTGAACGG-cite_6tf,ARID5B_g1,ARID5B,False,False,GSE335887,cite_6tf,WTC11,138,3042.0
iTF_merged::AGGAGATTCGCGTTAA-cite_6tf,ARID5B_g1,ARID5B,False,False,GSE335887,cite_6tf,WTC11,138,4028.0
iTF_merged::CATAGCTGTGACGATA-cite_6tf,ARID5B_g1,ARID5B,False,False,GSE335887,cite_6tf,WTC11,138,5576.0
iTF_merged::TGTCGTTTCCAGGTTA-cite_6tf,ARID5B_g1,ARID5B,False,False,GSE335887,cite_6tf,WTC11,138,4192.0
iTF_merged::CATAGCGCAATACCAA-cite_6tf,ARID5B_g1,ARID5B,False,False,GSE335887,cite_6tf,WTC11,138,4595.0
iTF_merged::AGTTGAGGTCAACTTA-cite_6tf,ARID5B_g1,ARID5B,False,False,GSE335887,cite_6tf,WTC11,138,2696.0
iTF_merged::TCACTCACACAATGAC-cite_6tf,ARID5B_g1,ARID5B,False,False,GSE335887,cite_6tf,WTC11,138,5445.0
iTF_merged::ACAAGGTAGGATAGTA-cite_6tf,ARID5B_g1,ARID5B,False,False,GSE335887,cite_6tf,WTC11,138,9246.0
iTF_merged::GGGGTTGGTATTAGGG-cite_6tf,ARID5B_g1,ARID5B,False,False,GSE335887,cite_6tf,WTC11,138,4654.0
iTF_merged::TCACACAAGTTAGCAT-cite_6tf,ARID5B_g1,ARID5B,False,False,GSE335887,cite_6tf,WTC11,138,4054.0
iTF_merged::TCAGTAACACAGCGAC-cite_6tf,ARID5B_g1,ARID5B,False,False,GSE335887,cite_6tf,WTC11,138,3572.0
iTF_merged::GGCTGACCAAGCCTAG-cite_6tf,ARID5B_g1,ARID5B,False,False,GSE335887,cite_6tf,WTC11,138,5634.0
iTF_merged::TGTCATGAGCCTACCC-cite_6tf,ARID5B_g1,ARID5B,False,False,GSE335887,cite_6tf,WTC11,138,1801.0
iTF_merged::AGGATCAGTTGAGTCT-cite_6tf,ARID5B_g1,ARID5B,False,False,GSE335887,cite_6tf,WTC11,138,2260.0
iTF_merged::CGCTACCTCTATGACG-cite_6tf,ARID5B_g1,ARID5B,False,False,GSE335887,cite_6tf,WTC11,138,3271.0
iTF_merged::TCCATCACATGCAGAT-cite_6tf,ARID5B_g1,ARID5B,False,False,GSE335887,cite_6tf,WTC11,138,5692.0
iTF_merged::AGGAGATTCCCAGGCA-cite_6tf,ARID5B_g1,ARID5B,False,False,GSE335887,cite_6tf,WTC11,138,4450.0
iTF_merged::TGTCCTTAGTGCCCGA-cite_6tf,ARID5B_g1,ARID5B,False,False,GSE335887,cite_6tf,WTC11,138,3408.0
iTF_merged::GCAAGTGAGGAATTAG-cite_6tf,ARID5B_g1,ARID5B,False,False,GSE335887,cite_6tf,WTC11,138,6660.0
iTF_merged::GCTTGAATCACCACTT-cite_6tf,ARID5B_g1,ARID5B,False,False,GSE335887,cite_6tf,WTC11,138,3714.0
iTF_merged::GGCCGTTGTGGGTTAA-cite_6tf,ARID5B_g1,ARID5B,False,False,GSE335887,cite_6tf,WTC11,138,5694.0
iTF_merged::TCACTTGCATGACTCC-cite_6tf,ARID5B_g1,ARID5B,False,False,GSE335887,cite_6tf,WTC11,138,3464.0
iTF_merged::CCGCAAGTCTAGGCCG-cite_6tf,ARID5B_g1,ARID5B,False,False,GSE335887,cite_6tf,WTC11,138,3818.0
iTF_merged::AGGATCAGTAATCCGT-cite_6tf,ARID5B_g1,ARID5B,False,False,GSE335887,cite_6tf,WTC11,138,6125.0
iTF_merged::GGCGGATAGGGCTGAA-cite_6tf,ARID5B_g1,ARID5B,False,False,GSE335887,cite_6tf,WTC11,138,3979.0
iTF_merged::AGGTTGGAGTTACACG-cite_6tf,ARID5B_g1,ARID5B,False,False,GSE335887,cite_6tf,WTC11,138,3433.0
iTF_merged::CTGATATAGCTGAGTC-cite_6tf,ARID5B_g1,ARID5B,False,False,GSE335887,cite_6tf,WTC11,138,2764.0
iTF_merged::TGGGCGAGTTAGCGTT-cite_6tf,ARID5B_g2,ARID5B,False,False,GSE335887,cite_6tf,WTC11,186,4852.0
iTF_merged::TGTAACTAGGATAGAC-cite_6tf,ARID5B_g2,ARID5B,False,False,GSE335887,cite_6tf,WTC11,186,5208.0
iTF_merged::TCGTGATGTAGGCGTG-cite_6tf,ARID5B_g2,ARID5B,False,False,GSE335887,cite_6tf,WTC11,186,3595.0
iTF_merged::GCTGATTGTAACCCAT-cite_6tf,ARID5B_g2,ARID5B,False,False,GSE335887,cite_6tf,WTC11,186,6194.0
iTF_merged::GTTCACAAGGTACAGG-cite_6tf,ARID5B_g2,ARID5B,False,False,GSE335887,cite_6tf,WTC11,186,3639.0
iTF_merged::GCGATAAGTCTAGTTA-cite_6tf,ARID5B_g2,ARID5B,False,False,GSE335887,cite_6tf,WTC11,186,4260.0
iTF_merged::ACCCAGACAACCTCAC-cite_6tf,ARID5B_g2,ARID5B,False,False,GSE335887,cite_6tf,WTC11,186,10087.0
iTF_merged::GTCTTCACAATACCAA-cite_6tf,ARID5B_g2,ARID5B,False,False,GSE335887,cite_6tf,WTC11,186,2742.0
iTF_merged::GTGCGAAAGTTGCGGT-cite_6tf,ARID5B_g2,ARID5B,False,False,GSE335887,cite_6tf,WTC11,186,2928.0
iTF_merged::CCGTAAATCTATCACC-cite_6tf,ARID5B_g2,ARID5B,False,False,GSE335887,cite_6tf,WTC11,186,5241.0
iTF_merged::TGGTCAATCCTCGTTG-cite_6tf,ARID5B_g2,ARID5B,False,False,GSE335887,cite_6tf,WTC11,186,5874.0
iTF_merged::CACCTAAAGTAGCTTG-cite_6tf,ARID5B_g2,ARID5B,False,False,GSE335887,cite_6tf,WTC11,186,5638.0
iTF_merged::CGAAGGATCGTGAGTC-cite_6tf,ARID5B_g2,ARID5B,False,False,GSE335887,cite_6tf,WTC11,186,4485.0
iTF_merged::AGCGCATTCCCGCAAG-cite_6tf,ARID5B_g2,ARID5B,False,False,GSE335887,cite_6tf,WTC11,186,3713.0
iTF_merged::ACACGGTTCCTTCGGC-cite_6tf,ARID5B_g2,ARID5B,False,False,GSE335887,cite_6tf,WTC11,186,5062.0
iTF_merged::AACACCGCAATCTCCA-cite_6tf,ARID5B_g2,ARID5B,False,False,GSE335887,cite_6tf,WTC11,186,6659.0
iTF_merged::CGGGTGAGTTATGACC-cite_6tf,ARID5B_g2,ARID5B,False,False,GSE335887,cite_6tf,WTC11,186,4732.0
iTF_merged::GGTATGAGTTTAATCG-cite_6tf,ARID5B_g2,ARID5B,False,False,GSE335887,cite_6tf,WTC11,186,6806.0
iTF_merged::GGAATTAAGGTGCATC-cite_6tf,ARID5B_g2,ARID5B,False,False,GSE335887,cite_6tf,WTC11,186,2779.0
iTF_merged::AAGCATCCAAGCTTCC-cite_6tf,ARID5B_g2,ARID5B,False,False,GSE335887,cite_6tf,WTC11,186,3651.0
iTF_merged::GCTACCTCAATTCGTT-cite_6tf,ARID5B_g2,ARID5B,False,False,GSE335887,cite_6tf,WTC11,186,7527.0
iTF_merged::GTCCGTAGTTCCAGTG-cite_6tf,ARID5B_g2,ARID5B,False,False,GSE335887,cite_6tf,WTC11,186,5703.0
iTF_merged::CTAGTATAGTGAGGAT-cite_6tf,ARID5B_g2,ARID5B,False,False,GSE335887,cite_6tf,WTC11,186,2492.0
iTF_merged::ACTGTGATCAGTATCG-cite_6tf,ARID5B_g2,ARID5B,False,False,GSE335887,cite_6tf,WTC11,186,5789.0
iTF_merged::CATGATTAGTGCAAGG-cite_6tf,ARID5B_g2,ARID5B,False,False,GSE335887,cite_6tf,WTC11,186,8139.0
iTF_merged::GGAAGGCTCACCAATG-cite_6tf,ARID5B_g2,ARID5B,False,False,GSE335887,cite_6tf,WTC11,186,5109.0
iTF_merged::GGGATCAAGTATGAAG-cite_6tf,ARID5B_g2,ARID5B,False,False,GSE335887,cite_6tf,WTC11,186,4390.0
iTF_merged::GCCCTGTTCCATGCCC-cite_6tf,ARID5B_g2,ARID5B,False,False,GSE335887,cite_6tf,WTC11,186,5621.0
iTF_merged::CAAGTGAGTAATCACC-cite_6tf,ARID5B_g2,ARID5B,False,False,GSE335887,cite_6tf,WTC11,186,4346.0
iTF_merged::AGCTTACGTGCGCGAA-cite_6tf,ARID5B_g2,ARID5B,False,False,GSE335887,cite_6tf,WTC11,186,6173.0
iTF_merged::AAACTCACATGACAGT-cite_6tf,ARID5B_g2,ARID5B,False,False,GSE335887,cite_6tf,WTC11,186,5265.0
iTF_merged::CATTTAGGTGACCGAG-cite_6tf,ARID5B_g2,ARID5B,False,False,GSE335887,cite_6tf,WTC11,186,2432.0
iTF_merged::TACGGTCAGGTCCAAC-cite_6tf,BHLHE40_g1,BHLHE40,False,False,GSE335887,cite_6tf,WTC11,137,3020.0
iTF_merged::GTCTACTTCACACTTC-cite_6tf,BHLHE40_g1,BHLHE40,False,False,GSE335887,cite_6tf,WTC11,137,4319.0
iTF_merged::ACCATCAAGTTAGCCA-cite_6tf,BHLHE40_g1,BHLHE40,False,False,GSE335887,cite_6tf,WTC11,137,7558.0
iTF_merged::CAGTCCCTCGACCGCA-cite_6tf,BHLHE40_g1,BHLHE40,False,False,GSE335887,cite_6tf,WTC11,137,4965.0
iTF_merged::AGCCTCCTCCGTTAAG-cite_6tf,BHLHE40_g1,BHLHE40,False,False,GSE335887,cite_6tf,WTC11,137,4789.0
iTF_merged::CTTGGCTCAAGTGTGT-cite_6tf,BHLHE40_g1,BHLHE40,False,False,GSE335887,cite_6tf,WTC11,137,4352.0
iTF_merged::CGCTAATGTAATGTGG-cite_6tf,BHLHE40_g1,BHLHE40,False,False,GSE335887,cite_6tf,WTC11,137,5033.0
iTF_merged::ACGCCCAAGTCATCGA-cite_6tf,BHLHE40_g1,BHLHE40,False,False,GSE335887,cite_6tf,WTC11,137,9657.0
iTF_merged::GGTAAGGTCAGCTCGG-cite_6tf,BHLHE40_g1,BHLHE40,False,False,GSE335887,cite_6tf,WTC11,137,2653.0
iTF_merged::CGGAACGGTCTAGTTA-cite_6tf,BHLHE40_g1,BHLHE40,False,False,GSE335887,cite_6tf,WTC11,137,5410.0
iTF_merged::CTAAGGGAGGCATTCA-cite_6tf,BHLHE40_g1,BHLHE40,False,False,GSE335887,cite_6tf,WTC11,137,4941.0
iTF_merged::GGGATTAGTCAATCTA-cite_6tf,BHLHE40_g1,BHLHE40,False,False,GSE335887,cite_6tf,WTC11,137,3370.0
iTF_merged::GGTGATGAGATAGATG-cite_6tf,BHLHE40_g1,BHLHE40,False,False,GSE335887,cite_6tf,WTC11,137,5808.0
iTF_merged::AACCAGGAGGTATCGC-cite_6tf,BHLHE40_g1,BHLHE40,False,False,GSE335887,cite_6tf,WTC11,137,5718.0
iTF_merged::AGGCGTTTCGATGCGT-cite_6tf,BHLHE40_g1,BHLHE40,False,False,GSE335887,cite_6tf,WTC11,137,4460.0
iTF_merged::CGGGCTTGTTTGGCTG-cite_6tf,BHLHE40_g1,BHLHE40,False,False,GSE335887,cite_6tf,WTC11,137,5840.0
iTF_merged::CGAGTAAGTTAGCCTG-cite_6tf,BHLHE40_g1,BHLHE40,False,False,GSE335887,cite_6tf,WTC11,137,3728.0
iTF_merged::CGGTTAGCATTAGCAA-cite_6tf,BHLHE40_g1,BHLHE40,False,False,GSE335887,cite_6tf,WTC11,137,4030.0
iTF_merged::CTAGTCAAGTCAATGT-cite_6tf,BHLHE40_g1,BHLHE40,False,False,GSE335887,cite_6tf,WTC11,137,1624.0
iTF_merged::CAATGGCTCCATGACA-cite_6tf,BHLHE40_g1,BHLHE40,False,False,GSE335887,cite_6tf,WTC11,137,12029.0
iTF_merged::TGGCATATCCGGTTCC-cite_6tf,BHLHE40_g1,BHLHE40,False,False,GSE335887,cite_6tf,WTC11,137,3989.0
iTF_merged::CTATCTATCCCTCAAT-cite_6tf,BHLHE40_g1,BHLHE40,False,False,GSE335887,cite_6tf,WTC11,137,4756.0
iTF_merged::GGACTCACATCCCGTG-cite_6tf,BHLHE40_g1,BHLHE40,False,False,GSE335887,cite_6tf,WTC11,137,4175.0
iTF_merged::CTTGTGTTCATGCCAA-cite_6tf,BHLHE40_g1,BHLHE40,False,False,GSE335887,cite_6tf,WTC11,137,3082.0
iTF_merged::CGGGCTATCGATACGC-cite_6tf,BHLHE40_g1,BHLHE40,False,False,GSE335887,cite_6tf,WTC11,137,8157.0
iTF_merged::CCACTTACATCCGCAT-cite_6tf,BHLHE40_g1,BHLHE40,False,False,GSE335887,cite_6tf,WTC11,137,4980.0
iTF_merged::TGCTAACGTGGCTCAC-cite_6tf,BHLHE40_g1,BHLHE40,False,False,GSE335887,cite_6tf,WTC11,137,5068.0
iTF_merged::GTCAATGTCGTGCATA-cite_6tf,BHLHE40_g1,BHLHE40,False,False,GSE335887,cite_6tf,WTC11,137,5262.0
iTF_merged::GCTGTTGGTAATGAGT-cite_6tf,BHLHE40_g1,BHLHE40,False,False,GSE335887,cite_6tf,WTC11,137,6715.0
iTF_merged::GGAGGTTGTGACGAAC-cite_6tf,BHLHE40_g1,BHLHE40,False,False,GSE335887,cite_6tf,WTC11,137,3245.0
iTF_merged::TACCGTCCATCCCAAC-cite_6tf,BHLHE40_g1,BHLHE40,False,False,GSE335887,cite_6tf,WTC11,137,1199.0
iTF_merged::ATCCCTTAGGCTCTCC-cite_6tf,BHLHE40_g1,BHLHE40,False,False,GSE335887,cite_6tf,WTC11,137,9590.0
iTF_merged::GCAACGGGTTATGCGT-cite_6tf,BHLHE40_g2,BHLHE40,False,False,GSE335887,cite_6tf,WTC11,122,2323.0
iTF_merged::GGGCAGACAATTGGAC-cite_6tf,BHLHE40_g2,BHLHE40,False,False,GSE335887,cite_6tf,WTC11,122,5140.0
iTF_merged::TATGGTTAGATTGCCA-cite_6tf,BHLHE40_g2,BHLHE40,False,False,GSE335887,cite_6tf,WTC11,122,2632.0
iTF_merged::CAATCCTTCGTTGCGG-cite_6tf,BHLHE40_g2,BHLHE40,False,False,GSE335887,cite_6tf,WTC11,122,4900.0
iTF_merged::TCTGCGAGTTTCCGCT-cite_6tf,BHLHE40_g2,BHLHE40,False,False,GSE335887,cite_6tf,WTC11,122,6872.0
iTF_merged::CTTGACTTCTAGTGAT-cite_6tf,BHLHE40_g2,BHLHE40,False,False,GSE335887,cite_6tf,WTC11,122,7931.0
iTF_merged::ACTTGCTTCCAACTAG-cite_6tf,BHLHE40_g2,BHLHE40,False,False,GSE335887,cite_6tf,WTC11,122,6064.0
iTF_merged::ACCTGGGTCTGTGCCC-cite_6tf,BHLHE40_g2,BHLHE40,False,False,GSE335887,cite_6tf,WTC11,122,3962.0
iTF_merged::GCCCATTCATGGTCCT-cite_6tf,BHLHE40_g2,BHLHE40,False,False,GSE335887,cite_6tf,WTC11,122,6565.0
iTF_merged::TCTCGGCTCTGGGACT-cite_6tf,BHLHE40_g2,BHLHE40,False,False,GSE335887,cite_6tf,WTC11,122,3124.0
iTF_merged::AAGTTTCAGTTAGTCG-cite_6tf,BHLHE40_g2,BHLHE40,False,False,GSE335887,cite_6tf,WTC11,122,4208.0
iTF_merged::GTCCTATTCCCTGTCA-cite_6tf,BHLHE40_g2,BHLHE40,False,False,GSE335887,cite_6tf,WTC11,122,3409.0
iTF_merged::AACCACGCATGTCGGA-cite_6tf,BHLHE40_g2,BHLHE40,False,False,GSE335887,cite_6tf,WTC11,122,1171.0
iTF_merged::TCATTAGGTGCAGGTG-cite_6tf,BHLHE40_g2,BHLHE40,False,False,GSE335887,cite_6tf,WTC11,122,5597.0
iTF_merged::CTTAATGGTTAGTGGA-cite_6tf,BHLHE40_g2,BHLHE40,False,False,GSE335887,cite_6tf,WTC11,122,3703.0
iTF_merged::TACGCATGTAAGCGTA-cite_6tf,BHLHE40_g2,BHLHE40,False,False,GSE335887,cite_6tf,WTC11,122,6609.0
iTF_merged::CAGTAGCTCATACAGT-cite_6tf,BHLHE40_g2,BHLHE40,False,False,GSE335887,cite_6tf,WTC11,122,4391.0
iTF_merged::AGAGATGCATCCAAGG-cite_6tf,BHLHE40_g2,BHLHE40,False,False,GSE335887,cite_6tf,WTC11,122,1401.0
iTF_merged::CTTCGCGCACTATGCC-cite_6tf,BHLHE40_g2,BHLHE40,False,False,GSE335887,cite_6tf,WTC11,122,5233.0
iTF_merged::TGCGGCTGTTTGGGTT-cite_6tf,BHLHE40_g2,BHLHE40,False,False,GSE335887,cite_6tf,WTC11,122,4402.0
iTF_merged::CGAGTAAGTTAACCAC-cite_6tf,BHLHE40_g2,BHLHE40,False,False,GSE335887,cite_6tf,WTC11,122,3397.0
iTF_merged::GTAGGCGGTTCCTCTA-cite_6tf,BHLHE40_g2,BHLHE40,False,False,GSE335887,cite_6tf,WTC11,122,4162.0
iTF_merged::CGAGCAGGTGATCCAT-cite_6tf,BHLHE40_g2,BHLHE40,False,False,GSE335887,cite_6tf,WTC11,122,5413.0
iTF_merged::CGGGCTATCGATCAAT-cite_6tf,BHLHE40_g2,BHLHE40,False,False,GSE335887,cite_6tf,WTC11,122,4873.0
iTF_merged::AGCCCCTTCCATTCCG-cite_6tf,BHLHE40_g2,BHLHE40,False,False,GSE335887,cite_6tf,WTC11,122,3747.0
iTF_merged::CTGGTTAAGTTACCTC-cite_6tf,BHLHE40_g2,BHLHE40,False,False,GSE335887,cite_6tf,WTC11,122,5019.0
iTF_merged::CCGCTCACATCGGTGA-cite_6tf,BHLHE40_g2,BHLHE40,False,False,GSE335887,cite_6tf,WTC11,122,3443.0
iTF_merged::GGGTACTTCCCATTCG-cite_6tf,BHLHE40_g2,BHLHE40,False,False,GSE335887,cite_6tf,WTC11,122,6000.0
iTF_merged::CTATCGCCAATCCCTA-cite_6tf,BHLHE40_g2,BHLHE40,False,False,GSE335887,cite_6tf,WTC11,122,4046.0
iTF_merged::TCCCACGCAATTAGTG-cite_6tf,BHLHE40_g2,BHLHE40,False,False,GSE335887,cite_6tf,WTC11,122,4145.0
iTF_merged::GGTACGGGTAGCTTCG-cite_6tf,BHLHE40_g2,BHLHE40,False,False,GSE335887,cite_6tf,WTC11,122,3596.0
iTF_merged::AGCAATTTCACTTCGT-cite_6tf,BHLHE40_g2,BHLHE40,False,False,GSE335887,cite_6tf,WTC11,122,2531.0
iTF_merged::TGATGGTCAGGTTACG-cite_6tf,BHLHE41_g1,BHLHE41,False,False,GSE335887,cite_6tf,WTC11,163,4207.0
iTF_merged::AGACATCCATGGTACG-cite_6tf,BHLHE41_g1,BHLHE41,False,False,GSE335887,cite_6tf,WTC11,163,3460.0
iTF_merged::TACGCCCTCTGGATCA-cite_6tf,BHLHE41_g1,BHLHE41,False,False,GSE335887,cite_6tf,WTC11,163,3604.0
iTF_merged::ACAAGTTTCAATCCTC-cite_6tf,BHLHE41_g1,BHLHE41,False,False,GSE335887,cite_6tf,WTC11,163,4285.0
iTF_merged::CCAGACCGTTCTGTCC-cite_6tf,BHLHE41_g1,BHLHE41,False,False,GSE335887,cite_6tf,WTC11,163,7629.0
iTF_merged::CACCACCTCGATCACA-cite_6tf,BHLHE41_g1,BHLHE41,False,False,GSE335887,cite_6tf,WTC11,163,6730.0
iTF_merged::ACTCCAAAGGTCCCGA-cite_6tf,BHLHE41_g1,BHLHE41,False,False,GSE335887,cite_6tf,WTC11,163,2452.0
iTF_merged::ATGGTTTAGGATTGGG-cite_6tf,BHLHE41_g1,BHLHE41,False,False,GSE335887,cite_6tf,WTC11,163,5348.0
iTF_merged::TACACCGGTTCACTCC-cite_6tf,BHLHE41_g1,BHLHE41,False,False,GSE335887,cite_6tf,WTC11,163,6057.0
iTF_merged::ACCTACCCATCAATCT-cite_6tf,BHLHE41_g1,BHLHE41,False,False,GSE335887,cite_6tf,WTC11,163,4962.0
iTF_merged::CTATAGTAGCGAACGA-cite_6tf,BHLHE41_g1,BHLHE41,False,False,GSE335887,cite_6tf,WTC11,163,2741.0
iTF_merged::CCACGAACAAATCCAA-cite_6tf,BHLHE41_g1,BHLHE41,False,False,GSE335887,cite_6tf,WTC11,163,6506.0
iTF_merged::AGTGCTCAGGGCAGAC-cite_6tf,BHLHE41_g1,BHLHE41,False,False,GSE335887,cite_6tf,WTC11,163,6937.0
iTF_merged::TCTGCCTGTTTACGGT-cite_6tf,BHLHE41_g1,BHLHE41,False,False,GSE335887,cite_6tf,WTC11,163,3695.0
iTF_merged::AGTGCTTGTTTCCAGG-cite_6tf,BHLHE41_g1,BHLHE41,False,False,GSE335887,cite_6tf,WTC11,163,3335.0
iTF_merged::ACATTCCTCAGCCAGT-cite_6tf,BHLHE41_g1,BHLHE41,False,False,GSE335887,cite_6tf,WTC11,163,5252.0
iTF_merged::ATCTGCAAGTCATCGA-cite_6tf,BHLHE41_g1,BHLHE41,False,False,GSE335887,cite_6tf,WTC11,163,5420.0
iTF_merged::TCAAAGCCAATGCGTG-cite_6tf,BHLHE41_g1,BHLHE41,False,False,GSE335887,cite_6tf,WTC11,163,4662.0
iTF_merged::AAATTCGCAAGCCACA-cite_6tf,BHLHE41_g1,BHLHE41,False,False,GSE335887,cite_6tf,WTC11,163,4909.0
iTF_merged::CCGAACTAGCGGATAG-cite_6tf,BHLHE41_g1,BHLHE41,False,False,GSE335887,cite_6tf,WTC11,163,10046.0
iTF_merged::CGTAAACCAACGGCTA-cite_6tf,BHLHE41_g1,BHLHE41,False,False,GSE335887,cite_6tf,WTC11,163,3547.0
iTF_merged::TCCAACTTCACCTGCC-cite_6tf,BHLHE41_g1,BHLHE41,False,False,GSE335887,cite_6tf,WTC11,163,3439.0
iTF_merged::GTGGGTAAGGGCTTAC-cite_6tf,BHLHE41_g1,BHLHE41,False,False,GSE335887,cite_6tf,WTC11,163,3630.0
iTF_merged::GGTTTCAAGCTGGATC-cite_6tf,BHLHE41_g1,BHLHE41,False,False,GSE335887,cite_6tf,WTC11,163,5547.0
iTF_merged::ACAGGTAGTAATCGAG-cite_6tf,BHLHE41_g1,BHLHE41,False,False,GSE335887,cite_6tf,WTC11,163,3431.0
iTF_merged::AGCCAGCCATTCGGCT-cite_6tf,BHLHE41_g1,BHLHE41,False,False,GSE335887,cite_6tf,WTC11,163,4474.0
iTF_merged::GCCATGGTCACTCTGT-cite_6tf,BHLHE41_g1,BHLHE41,False,False,GSE335887,cite_6tf,WTC11,163,5233.0
iTF_merged::GTAAACGGTTAGTGGA-cite_6tf,BHLHE41_g1,BHLHE41,False,False,GSE335887,cite_6tf,WTC11,163,4460.0
iTF_merged::TGCTATGAGAACCTTG-cite_6tf,BHLHE41_g1,BHLHE41,False,False,GSE335887,cite_6tf,WTC11,163,4730.0
iTF_merged::AAACTCCGTGAAGCAC-cite_6tf,BHLHE41_g1,BHLHE41,False,False,GSE335887,cite_6tf,WTC11,163,5378.0
iTF_merged::CAAGCGAAGCAAGTCC-cite_6tf,BHLHE41_g1,BHLHE41,False,False,GSE335887,cite_6tf,WTC11,163,5313.0
iTF_merged::CCAGGTTAGTGGCAAG-cite_6tf,BHLHE41_g1,BHLHE41,False,False,GSE335887,cite_6tf,WTC11,163,4371.0
iTF_merged::ATGTGTTAGCTATCGA-cite_6tf,BHLHE41_g2,BHLHE41,False,False,GSE335887,cite_6tf,WTC11,77,6172.0
iTF_merged::TGACGAAGTAGCGAGT-cite_6tf,BHLHE41_g2,BHLHE41,False,False,GSE335887,cite_6tf,WTC11,77,6881.0
iTF_merged::CCCGTAAGTTCGCATG-cite_6tf,BHLHE41_g2,BHLHE41,False,False,GSE335887,cite_6tf,WTC11,77,3539.0
iTF_merged::AGCTAATTCATGCCTT-cite_6tf,BHLHE41_g2,BHLHE41,False,False,GSE335887,cite_6tf,WTC11,77,2754.0
iTF_merged::AACTTCCTCTAGTGTG-cite_6tf,BHLHE41_g2,BHLHE41,False,False,GSE335887,cite_6tf,WTC11,77,2917.0
iTF_merged::GTACGGGGTTAACCGT-cite_6tf,BHLHE41_g2,BHLHE41,False,False,GSE335887,cite_6tf,WTC11,77,4139.0
iTF_merged::CAGGCCATCCCGCAGA-cite_6tf,BHLHE41_g2,BHLHE41,False,False,GSE335887,cite_6tf,WTC11,77,3976.0
iTF_merged::GGGTATAGTTCCCTTA-cite_6tf,BHLHE41_g2,BHLHE41,False,False,GSE335887,cite_6tf,WTC11,77,3085.0
iTF_merged::GTTGAGGAGCGGTTCG-cite_6tf,BHLHE41_g2,BHLHE41,False,False,GSE335887,cite_6tf,WTC11,77,7710.0
iTF_merged::AACATAGAGAATCCGC-cite_6tf,BHLHE41_g2,BHLHE41,False,False,GSE335887,cite_6tf,WTC11,77,3512.0
iTF_merged::GGTTATGTCCTTAACC-cite_6tf,BHLHE41_g2,BHLHE41,False,False,GSE335887,cite_6tf,WTC11,77,6064.0
iTF_merged::TGAGGGATCGATACGC-cite_6tf,BHLHE41_g2,BHLHE41,False,False,GSE335887,cite_6tf,WTC11,77,3943.0
iTF_merged::GCAACCACAGGGCTGT-cite_6tf,BHLHE41_g2,BHLHE41,False,False,GSE335887,cite_6tf,WTC11,77,4909.0
iTF_merged::TGAACCGCACAACTAA-cite_6tf,BHLHE41_g2,BHLHE41,False,False,GSE335887,cite_6tf,WTC11,77,7997.0
iTF_merged::TCCCGATCAATGGAAG-cite_6tf,BHLHE41_g2,BHLHE41,False,False,GSE335887,cite_6tf,WTC11,77,3768.0
iTF_merged::GTGGATTCATTGCGTC-cite_6tf,BHLHE41_g2,BHLHE41,False,False,GSE335887,cite_6tf,WTC11,77,2400.0
iTF_merged::GCTTACCCAGGTTGGC-cite_6tf,BHLHE41_g2,BHLHE41,False,False,GSE335887,cite_6tf,WTC11,77,1645.0
iTF_merged::CGAACTTGTTAAGGAT-cite_6tf,BHLHE41_g2,BHLHE41,False,False,GSE335887,cite_6tf,WTC11,77,6919.0
iTF_merged::ATGCAGCTCCATGAGC-cite_6tf,BHLHE41_g2,BHLHE41,False,False,GSE335887,cite_6tf,WTC11,77,4747.0
iTF_merged::ACTAAGGGTCTGGGTC-cite_6tf,BHLHE41_g2,BHLHE41,False,False,GSE335887,cite_6tf,WTC11,77,5470.0
iTF_merged::CAAAGTAAGGTAGCTC-cite_6tf,BHLHE41_g2,BHLHE41,False,False,GSE335887,cite_6tf,WTC11,77,3747.0
iTF_merged::AGGTGATAGTTAGACT-cite_6tf,BHLHE41_g2,BHLHE41,False,False,GSE335887,cite_6tf,WTC11,77,3208.0
iTF_merged::TGTGGTTGTTAAGCAG-cite_6tf,BHLHE41_g2,BHLHE41,False,False,GSE335887,cite_6tf,WTC11,77,4286.0
iTF_merged::TCGTGTCCATGCTGTC-cite_6tf,BHLHE41_g2,BHLHE41,False,False,GSE335887,cite_6tf,WTC11,77,958.0
iTF_merged::CGTAATTAGGTCATCA-cite_6tf,BHLHE41_g2,BHLHE41,False,False,GSE335887,cite_6tf,WTC11,77,3392.0
iTF_merged::ATGATTGCAAATGCTA-cite_6tf,BHLHE41_g2,BHLHE41,False,False,GSE335887,cite_6tf,WTC11,77,3666.0
iTF_merged::TGGTTCCCAACTAATG-cite_6tf,BHLHE41_g2,BHLHE41,False,False,GSE335887,cite_6tf,WTC11,77,3126.0
iTF_merged::ATCAAGCCATGGCTGA-cite_6tf,BHLHE41_g2,BHLHE41,False,False,GSE335887,cite_6tf,WTC11,77,8551.0
iTF_merged::AGTGCTCAGTGCCTGG-cite_6tf,BHLHE41_g2,BHLHE41,False,False,GSE335887,cite_6tf,WTC11,77,6912.0
iTF_merged::ACAGACAGTTGCGCGT-cite_6tf,BHLHE41_g2,BHLHE41,False,False,GSE335887,cite_6tf,WTC11,77,6455.0
iTF_merged::CATTTCATCAGGGATG-cite_6tf,BHLHE41_g2,BHLHE41,False,False,GSE335887,cite_6tf,WTC11,77,3867.0
iTF_merged::ATACGGTCACTCGGTT-cite_6tf,BHLHE41_g2,BHLHE41,False,False,GSE335887,cite_6tf,WTC11,77,1113.0
iTF_merged::GCCTATGGTCAGGGAT-cite_6tf,non-targeting_g1,NTC,True,False,GSE335887,cite_6tf,WTC11,158,3992.0
iTF_merged::TCGCACCTCACCACGG-cite_6tf,non-targeting_g1,NTC,True,False,GSE335887,cite_6tf,WTC11,158,7183.0
iTF_merged::ATGTGGGAGGGGTAAT-cite_6tf,non-targeting_g1,NTC,True,False,GSE335887,cite_6tf,WTC11,158,3731.0
iTF_merged::GCATTAACAACCCGTT-cite_6tf,non-targeting_g1,NTC,True,False,GSE335887,cite_6tf,WTC11,158,4359.0
iTF_merged::CCACAGACACTTACTG-cite_6tf,non-targeting_g1,NTC,True,False,GSE335887,cite_6tf,WTC11,158,3133.0
iTF_merged::GGCTGAAAGGCGCTAT-cite_6tf,non-targeting_g1,NTC,True,False,GSE335887,cite_6tf,WTC11,158,4831.0
iTF_merged::CCGGAAGGTAAGGGCT-cite_6tf,non-targeting_g1,NTC,True,False,GSE335887,cite_6tf,WTC11,158,3366.0
iTF_merged::ACGCCTAGTGGAAGTC-cite_6tf,non-targeting_g1,NTC,True,False,GSE335887,cite_6tf,WTC11,158,6286.0
iTF_merged::GCAAGCAAGTCAGCTA-cite_6tf,non-targeting_g1,NTC,True,False,GSE335887,cite_6tf,WTC11,158,4517.0
iTF_merged::CTTAATCCATCCCGAT-cite_6tf,non-targeting_g1,NTC,True,False,GSE335887,cite_6tf,WTC11,158,3097.0
iTF_merged::TCCCTAGTCTAATCGG-cite_6tf,non-targeting_g1,NTC,True,False,GSE335887,cite_6tf,WTC11,158,6059.0
iTF_merged::AGGACATAGGCGAAGC-cite_6tf,non-targeting_g1,NTC,True,False,GSE335887,cite_6tf,WTC11,158,810.0
iTF_merged::TATCCAAGTCTCCAGA-cite_6tf,non-targeting_g1,NTC,True,False,GSE335887,cite_6tf,WTC11,158,5569.0
iTF_merged::AAACCAAAGTAAGGTA-cite_6tf,non-targeting_g1,NTC,True,False,GSE335887,cite_6tf,WTC11,158,3811.0
iTF_merged::CTACATAGTGCAGGTG-cite_6tf,non-targeting_g1,NTC,True,False,GSE335887,cite_6tf,WTC11,158,2810.0
iTF_merged::ACCATATAGGGGCAAC-cite_6tf,non-targeting_g1,NTC,True,False,GSE335887,cite_6tf,WTC11,158,4731.0
iTF_merged::GGCACCATCGTTACAG-cite_6tf,non-targeting_g1,NTC,True,False,GSE335887,cite_6tf,WTC11,158,5337.0
iTF_merged::GCCATCAGTCAGGATA-cite_6tf,non-targeting_g1,NTC,True,False,GSE335887,cite_6tf,WTC11,158,4833.0
iTF_merged::GCTTTCACATTCGCGT-cite_6tf,non-targeting_g1,NTC,True,False,GSE335887,cite_6tf,WTC11,158,5830.0
iTF_merged::TGGTCCTCACAGCGGT-cite_6tf,non-targeting_g1,NTC,True,False,GSE335887,cite_6tf,WTC11,158,6261.0
iTF_merged::GCTCGTAGTGAGTCCC-cite_6tf,non-targeting_g1,NTC,True,False,GSE335887,cite_6tf,WTC11,158,3594.0
iTF_merged::AGCCAATCATCCGCAT-cite_6tf,non-targeting_g1,NTC,True,False,GSE335887,cite_6tf,WTC11,158,5630.0
iTF_merged::TACTCCACAAATCGGT-cite_6tf,non-targeting_g1,NTC,True,False,GSE335887,cite_6tf,WTC11,158,5301.0
iTF_merged::AGGCCAAAGTTAGCAT-cite_6tf,non-targeting_g1,NTC,True,False,GSE335887,cite_6tf,WTC11,158,3490.0
iTF_merged::GGAGTAACAAATCGGT-cite_6tf,non-targeting_g1,NTC,True,False,GSE335887,cite_6tf,WTC11,158,6789.0
iTF_merged::CATACCAAGGGTAGCA-cite_6tf,non-targeting_g1,NTC,True,False,GSE335887,cite_6tf,WTC11,158,6836.0
iTF_merged::TCTGGATGTTAGAGCA-cite_6tf,non-targeting_g1,NTC,True,False,GSE335887,cite_6tf,WTC11,158,2929.0
iTF_merged::GGTGCTTAGGAGGTTG-cite_6tf,non-targeting_g1,NTC,True,False,GSE335887,cite_6tf,WTC11,158,7432.0
iTF_merged::CGCACTTCATCCAAGG-cite_6tf,non-targeting_g1,NTC,True,False,GSE335887,cite_6tf,WTC11,158,4011.0
iTF_merged::GTTGCTGGTTCGGGTC-cite_6tf,non-targeting_g1,NTC,True,False,GSE335887,cite_6tf,WTC11,158,4768.0
iTF_merged::AGAGAGAAGATAGATG-cite_6tf,non-targeting_g1,NTC,True,False,GSE335887,cite_6tf,WTC11,158,5253.0
iTF_merged::AGCGATAGTGAGCACG-cite_6tf,non-targeting_g1,NTC,True,False,GSE335887,cite_6tf,WTC11,158,3453.0
iTF_merged::GTCGACTAGATTCGTG-cite_6tf,non-targeting_g1,NTC,True,False,GSE335887,cite_6tf,WTC11,158,4109.0
iTF_merged::ATTATCCCAAGCTCGA-cite_6tf,non-targeting_g1,NTC,True,False,GSE335887,cite_6tf,WTC11,158,3291.0
iTF_merged::TCAGTCAAGTCGATGC-cite_6tf,non-targeting_g1,NTC,True,False,GSE335887,cite_6tf,WTC11,158,3951.0
iTF_merged::CTACCCGCAGGATGCC-cite_6tf,non-targeting_g1,NTC,True,False,GSE335887,cite_6tf,WTC11,158,4357.0
iTF_merged::TCCTCTTCATGCTCGT-cite_6tf,non-targeting_g1,NTC,True,False,GSE335887,cite_6tf,WTC11,158,3802.0
iTF_merged::AGGTGTGAGGCACATC-cite_6tf,non-targeting_g1,NTC,True,False,GSE335887,cite_6tf,WTC11,158,6399.0
iTF_merged::TGGCCTGAGCTAAGGG-cite_6tf,non-targeting_g1,NTC,True,False,GSE335887,cite_6tf,WTC11,158,5801.0
iTF_merged::TCCTGCATCCATTGCT-cite_6tf,non-targeting_g1,NTC,True,False,GSE335887,cite_6tf,WTC11,158,3717.0
iTF_merged::TGTGGTTGTTTAGCGT-cite_6tf,non-targeting_g1,NTC,True,False,GSE335887,cite_6tf,WTC11,158,6858.0
iTF_merged::TGGATATTCACGGACT-cite_6tf,non-targeting_g1,NTC,True,False,GSE335887,cite_6tf,WTC11,158,3272.0
iTF_merged::TACCTTGCACATGAGT-cite_6tf,non-targeting_g1,NTC,True,False,GSE335887,cite_6tf,WTC11,158,2793.0
iTF_merged::GGTATGAGTGGGTAAC-cite_6tf,non-targeting_g1,NTC,True,False,GSE335887,cite_6tf,WTC11,158,6045.0
iTF_merged::ATGGATGGTCATGCGC-cite_6tf,non-targeting_g1,NTC,True,False,GSE335887,cite_6tf,WTC11,158,3552.0
iTF_merged::CACCCAAGTGAGGTAC-cite_6tf,non-targeting_g1,NTC,True,False,GSE335887,cite_6tf,WTC11,158,3963.0
iTF_merged::TACCCCATCCTTCCTC-cite_6tf,non-targeting_g1,NTC,True,False,GSE335887,cite_6tf,WTC11,158,3900.0
iTF_merged::CCAGCAACACTACCAC-cite_6tf,non-targeting_g1,NTC,True,False,GSE335887,cite_6tf,WTC11,158,6291.0
iTF_merged::TATCACCTCCCTCGGT-cite_6tf,non-targeting_g1,NTC,True,False,GSE335887,cite_6tf,WTC11,158,4990.0
iTF_merged::CTCCGTTGTTGCTAAC-cite_6tf,non-targeting_g1,NTC,True,False,GSE335887,cite_6tf,WTC11,158,3631.0
iTF_merged::CGTCGCTTCAAGTTCG-cite_6tf,non-targeting_g1,NTC,True,False,GSE335887,cite_6tf,WTC11,158,5310.0
iTF_merged::CTGCATTTCCGTTAAG-cite_6tf,non-targeting_g1,NTC,True,False,GSE335887,cite_6tf,WTC11,158,4846.0
iTF_merged::CTCAGTAAGCCAGATC-cite_6tf,non-targeting_g2,NTC,True,False,GSE335887,cite_6tf,WTC11,142,4325.0
iTF_merged::AAGTAACGTCTAAGCT-cite_6tf,non-targeting_g2,NTC,True,False,GSE335887,cite_6tf,WTC11,142,3748.0
iTF_merged::CGCCATGAGGATATAG-cite_6tf,non-targeting_g2,NTC,True,False,GSE335887,cite_6tf,WTC11,142,3582.0
iTF_merged::TGTACGATCCTTCGTG-cite_6tf,non-targeting_g2,NTC,True,False,GSE335887,cite_6tf,WTC11,142,4275.0
iTF_merged::GTTATCAGTTCCCTGT-cite_6tf,non-targeting_g2,NTC,True,False,GSE335887,cite_6tf,WTC11,142,4288.0
iTF_merged::CGTTGGGTCCCTCGGT-cite_6tf,non-targeting_g2,NTC,True,False,GSE335887,cite_6tf,WTC11,142,4752.0
iTF_merged::GGTAGCAAGTGGGTCT-cite_6tf,non-targeting_g2,NTC,True,False,GSE335887,cite_6tf,WTC11,142,3156.0
iTF_merged::AATGACCCAAGCTGAT-cite_6tf,non-targeting_g2,NTC,True,False,GSE335887,cite_6tf,WTC11,142,4020.0
iTF_merged::GGTTTCAAGAATCAGA-cite_6tf,non-targeting_g2,NTC,True,False,GSE335887,cite_6tf,WTC11,142,4203.0
iTF_merged::CTTATAGGTTGGGTCC-cite_6tf,non-targeting_g2,NTC,True,False,GSE335887,cite_6tf,WTC11,142,3514.0
iTF_merged::GCCCAAGTCCTGTATC-cite_6tf,non-targeting_g2,NTC,True,False,GSE335887,cite_6tf,WTC11,142,5372.0
iTF_merged::CAGGCTTAGGTTCGAC-cite_6tf,non-targeting_g2,NTC,True,False,GSE335887,cite_6tf,WTC11,142,5415.0
iTF_merged::ATATCCCTCATGTCCT-cite_6tf,non-targeting_g2,NTC,True,False,GSE335887,cite_6tf,WTC11,142,3198.0
iTF_merged::AAGTCAGGTTATCTAG-cite_6tf,non-targeting_g2,NTC,True,False,GSE335887,cite_6tf,WTC11,142,3468.0
iTF_merged::CGTCAGTAGCCATGCG-cite_6tf,non-targeting_g2,NTC,True,False,GSE335887,cite_6tf,WTC11,142,4921.0
iTF_merged::AGTATCACATGCAGGC-cite_6tf,non-targeting_g2,NTC,True,False,GSE335887,cite_6tf,WTC11,142,5124.0
iTF_merged::ACTATGGTCTCACACT-cite_6tf,non-targeting_g2,NTC,True,False,GSE335887,cite_6tf,WTC11,142,5150.0
iTF_merged::GCCGGTTGTGGCTTGC-cite_6tf,non-targeting_g2,NTC,True,False,GSE335887,cite_6tf,WTC11,142,2669.0
iTF_merged::CTTATGAGTTCGCTTC-cite_6tf,non-targeting_g2,NTC,True,False,GSE335887,cite_6tf,WTC11,142,3575.0
iTF_merged::AATATCGCACTTGACC-cite_6tf,non-targeting_g2,NTC,True,False,GSE335887,cite_6tf,WTC11,142,4825.0
iTF_merged::TCTGCCATCTATCTGC-cite_6tf,non-targeting_g2,NTC,True,False,GSE335887,cite_6tf,WTC11,142,6579.0
iTF_merged::AACTCGATCACTCGGG-cite_6tf,non-targeting_g2,NTC,True,False,GSE335887,cite_6tf,WTC11,142,3157.0
iTF_merged::CGATTCCCAGGATACT-cite_6tf,non-targeting_g2,NTC,True,False,GSE335887,cite_6tf,WTC11,142,5398.0
iTF_merged::CCACCTTGTTAGACCT-cite_6tf,non-targeting_g2,NTC,True,False,GSE335887,cite_6tf,WTC11,142,6010.0
iTF_merged::CAATCCGGTGATGGCG-cite_6tf,non-targeting_g2,NTC,True,False,GSE335887,cite_6tf,WTC11,142,3902.0
iTF_merged::ACCAACATCTCATCGT-cite_6tf,non-targeting_g2,NTC,True,False,GSE335887,cite_6tf,WTC11,142,3802.0
iTF_merged::CGCTTGCTCCACCGGA-cite_6tf,non-targeting_g2,NTC,True,False,GSE335887,cite_6tf,WTC11,142,3260.0
iTF_merged::GGATAGGTCACAGATT-cite_6tf,non-targeting_g2,NTC,True,False,GSE335887,cite_6tf,WTC11,142,4072.0
iTF_merged::CCTAACTTCTCATCCG-cite_6tf,non-targeting_g2,NTC,True,False,GSE335887,cite_6tf,WTC11,142,6971.0
iTF_merged::CCCAACCTCGCATCGG-cite_6tf,non-targeting_g2,NTC,True,False,GSE335887,cite_6tf,WTC11,142,8218.0
iTF_merged::AGTCAACCATTGCGTC-cite_6tf,non-targeting_g2,NTC,True,False,GSE335887,cite_6tf,WTC11,142,3339.0
iTF_merged::CCCGGTTTCCCGCTGT-cite_6tf,non-targeting_g2,NTC,True,False,GSE335887,cite_6tf,WTC11,142,2316.0
iTF_merged::ACTTTCGCAGGAAGCG-cite_6tf,non-targeting_g2,NTC,True,False,GSE335887,cite_6tf,WTC11,142,6147.0
iTF_merged::ACATCCTTCCTGATTC-cite_6tf,non-targeting_g2,NTC,True,False,GSE335887,cite_6tf,WTC11,142,5990.0
iTF_merged::TCCACACCAACGTGAT-cite_6tf,non-targeting_g2,NTC,True,False,GSE335887,cite_6tf,WTC11,142,3004.0
iTF_merged::TGCCTAAAGTAGACTT-cite_6tf,non-targeting_g2,NTC,True,False,GSE335887,cite_6tf,WTC11,142,3960.0
iTF_merged::GGACAATAGGCACTAC-cite_6tf,non-targeting_g2,NTC,True,False,GSE335887,cite_6tf,WTC11,142,9345.0
iTF_merged::GCAATCGCAATCGCTC-cite_6tf,non-targeting_g2,NTC,True,False,GSE335887,cite_6tf,WTC11,142,5060.0
iTF_merged::GCCCTCACAAACTCAA-cite_6tf,non-targeting_g2,NTC,True,False,GSE335887,cite_6tf,WTC11,142,4881.0
iTF_merged::ACGATATTCGAGGTCT-cite_6tf,non-targeting_g2,NTC,True,False,GSE335887,cite_6tf,WTC11,142,4888.0
iTF_merged::TGAACCATCTAAGCGC-cite_6tf,non-targeting_g2,NTC,True,False,GSE335887,cite_6tf,WTC11,142,3119.0
iTF_merged::CTCCTCAAGTTGGCCG-cite_6tf,non-targeting_g2,NTC,True,False,GSE335887,cite_6tf,WTC11,142,7390.0
iTF_merged::GGACACAAGTGAGATA-cite_6tf,non-targeting_g2,NTC,True,False,GSE335887,cite_6tf,WTC11,142,4348.0
iTF_merged::CCTCGAAGTCCATACG-cite_6tf,non-targeting_g2,NTC,True,False,GSE335887,cite_6tf,WTC11,142,1608.0
iTF_merged::ACTACCTTCCGTCACC-cite_6tf,non-targeting_g2,NTC,True,False,GSE335887,cite_6tf,WTC11,142,11267.0
iTF_merged::ATTGGCTGTTGCACTG-cite_6tf,non-targeting_g2,NTC,True,False,GSE335887,cite_6tf,WTC11,142,4518.0
iTF_merged::TGGAGTGAGTAGCGAG-cite_6tf,non-targeting_g2,NTC,True,False,GSE335887,cite_6tf,WTC11,142,3499.0
iTF_merged::CCTAGCCTCACGCGCA-cite_6tf,non-targeting_g2,NTC,True,False,GSE335887,cite_6tf,WTC11,142,3348.0
iTF_merged::CAACTAACAATATGTG-cite_6tf,non-targeting_g2,NTC,True,False,GSE335887,cite_6tf,WTC11,142,6233.0
iTF_merged::CTTCAATCATCATCAT-cite_6tf,non-targeting_g2,NTC,True,False,GSE335887,cite_6tf,WTC11,142,3119.0
iTF_merged::TCGGTATGTTTCAGTA-cite_6tf,non-targeting_g2,NTC,True,False,GSE335887,cite_6tf,WTC11,142,5754.0
iTF_merged::CGCCCTTAGGCGTCTG-cite_6tf,non-targeting_g2,NTC,True,False,GSE335887,cite_6tf,WTC11,142,4494.0
iTF_merged::CACGCCAAGGTCAATT-cite_6tf,non-targeting_g3,NTC,True,False,GSE335887,cite_6tf,WTC11,141,7570.0
iTF_merged::GCTTGGGTCCCGGCAA-cite_6tf,non-targeting_g3,NTC,True,False,GSE335887,cite_6tf,WTC11,141,3450.0
iTF_merged::CCGCCATTCGAACCGT-cite_6tf,non-targeting_g3,NTC,True,False,GSE335887,cite_6tf,WTC11,141,8212.0
iTF_merged::TCTGGTAAGTTGGCCG-cite_6tf,non-targeting_g3,NTC,True,False,GSE335887,cite_6tf,WTC11,141,6406.0
iTF_merged::ACCCCGAAGGAATTAG-cite_6tf,non-targeting_g3,NTC,True,False,GSE335887,cite_6tf,WTC11,141,5777.0
iTF_merged::ACGGTTGCATCACAGG-cite_6tf,non-targeting_g3,NTC,True,False,GSE335887,cite_6tf,WTC11,141,3290.0
iTF_merged::TGCTATGAGCTATCTC-cite_6tf,non-targeting_g3,NTC,True,False,GSE335887,cite_6tf,WTC11,141,5199.0
iTF_merged::GTCCAAATCCACCATT-cite_6tf,non-targeting_g3,NTC,True,False,GSE335887,cite_6tf,WTC11,141,4702.0
iTF_merged::TCACGTCCATCGTTGC-cite_6tf,non-targeting_g3,NTC,True,False,GSE335887,cite_6tf,WTC11,141,5809.0
iTF_merged::GCAATTTAGGCTTCGG-cite_6tf,non-targeting_g3,NTC,True,False,GSE335887,cite_6tf,WTC11,141,4654.0
iTF_merged::AGTTAGCCAACTGTCC-cite_6tf,non-targeting_g3,NTC,True,False,GSE335887,cite_6tf,WTC11,141,2615.0
iTF_merged::GCATGTCAGGGCTCCA-cite_6tf,non-targeting_g3,NTC,True,False,GSE335887,cite_6tf,WTC11,141,4621.0
iTF_merged::CCCGTTATCATCGTGA-cite_6tf,non-targeting_g3,NTC,True,False,GSE335887,cite_6tf,WTC11,141,5436.0
iTF_merged::GGATCGCCATGGCTCT-cite_6tf,non-targeting_g3,NTC,True,False,GSE335887,cite_6tf,WTC11,141,4525.0
iTF_merged::CCCTCACAGGATGCAG-cite_6tf,non-targeting_g3,NTC,True,False,GSE335887,cite_6tf,WTC11,141,10564.0
iTF_merged::TCAATCCTCCGTGTAA-cite_6tf,non-targeting_g3,NTC,True,False,GSE335887,cite_6tf,WTC11,141,4619.0
iTF_merged::TCACATAGTTTGCGGC-cite_6tf,non-targeting_g3,NTC,True,False,GSE335887,cite_6tf,WTC11,141,3218.0
iTF_merged::CGCATAGCAAGCTCAG-cite_6tf,non-targeting_g3,NTC,True,False,GSE335887,cite_6tf,WTC11,141,5584.0
iTF_merged::TCCTTCCTCAATTCCC-cite_6tf,non-targeting_g3,NTC,True,False,GSE335887,cite_6tf,WTC11,141,4234.0
iTF_merged::GGCCCTAAGCGATTGC-cite_6tf,non-targeting_g3,NTC,True,False,GSE335887,cite_6tf,WTC11,141,5855.0
iTF_merged::AGCAATCCAAGTGCAT-cite_6tf,non-targeting_g3,NTC,True,False,GSE335887,cite_6tf,WTC11,141,5127.0
iTF_merged::TGACATTAGCGGATGA-cite_6tf,non-targeting_g3,NTC,True,False,GSE335887,cite_6tf,WTC11,141,2552.0
iTF_merged::CAATAGAAGAAGGATC-cite_6tf,non-targeting_g3,NTC,True,False,GSE335887,cite_6tf,WTC11,141,4633.0
iTF_merged::GCAGGCTCACATAGTA-cite_6tf,non-targeting_g3,NTC,True,False,GSE335887,cite_6tf,WTC11,141,4663.0
iTF_merged::CTTCAATCATAGGCTG-cite_6tf,non-targeting_g3,NTC,True,False,GSE335887,cite_6tf,WTC11,141,6572.0
iTF_merged::TAGCCAATCTGGCATA-cite_6tf,non-targeting_g3,NTC,True,False,GSE335887,cite_6tf,WTC11,141,4082.0
iTF_merged::GGTGGCAGTTTCGAGT-cite_6tf,non-targeting_g3,NTC,True,False,GSE335887,cite_6tf,WTC11,141,6818.0
iTF_merged::TAACTGGTCATCGTAG-cite_6tf,non-targeting_g3,NTC,True,False,GSE335887,cite_6tf,WTC11,141,1954.0
iTF_merged::TCTGGATGTTTGGTAC-cite_6tf,non-targeting_g3,NTC,True,False,GSE335887,cite_6tf,WTC11,141,1565.0
iTF_merged::CACCCTTGTGATGAAT-cite_6tf,non-targeting_g3,NTC,True,False,GSE335887,cite_6tf,WTC11,141,3623.0
iTF_merged::CTAATTGGTAAGTACG-cite_6tf,non-targeting_g3,NTC,True,False,GSE335887,cite_6tf,WTC11,141,2873.0
iTF_merged::CTAAACCGTCTGGCAC-cite_6tf,non-targeting_g3,NTC,True,False,GSE335887,cite_6tf,WTC11,141,2806.0
iTF_merged::GTGCATTGTTATGCTA-cite_6tf,non-targeting_g3,NTC,True,False,GSE335887,cite_6tf,WTC11,141,3290.0
iTF_merged::GTGCTATGTAACGACA-cite_6tf,non-targeting_g3,NTC,True,False,GSE335887,cite_6tf,WTC11,141,3970.0
iTF_merged::TAAACCACACAGCCAA-cite_6tf,non-targeting_g3,NTC,True,False,GSE335887,cite_6tf,WTC11,141,7883.0
iTF_merged::TACATCCTCATCACAG-cite_6tf,non-targeting_g3,NTC,True,False,GSE335887,cite_6tf,WTC11,141,4515.0
iTF_merged::CGAACGAAGCGCCTTC-cite_6tf,non-targeting_g3,NTC,True,False,GSE335887,cite_6tf,WTC11,141,4186.0
iTF_merged::GCTGCCTTCACCCTTG-cite_6tf,non-targeting_g3,NTC,True,False,GSE335887,cite_6tf,WTC11,141,7755.0
iTF_merged::CCAAGGTTCATGAACT-cite_6tf,non-targeting_g3,NTC,True,False,GSE335887,cite_6tf,WTC11,141,6183.0
iTF_merged::GCTAGGGGTTCCCTTA-cite_6tf,non-targeting_g3,NTC,True,False,GSE335887,cite_6tf,WTC11,141,4434.0
iTF_merged::CGAGCGAGTAGCTGGG-cite_6tf,non-targeting_g3,NTC,True,False,GSE335887,cite_6tf,WTC11,141,2167.0
iTF_merged::TACCTGAAGCCTAGAC-cite_6tf,non-targeting_g3,NTC,True,False,GSE335887,cite_6tf,WTC11,141,4819.0
iTF_merged::TAGGTTACAACTTACT-cite_6tf,non-targeting_g3,NTC,True,False,GSE335887,cite_6tf,WTC11,141,4237.0
iTF_merged::ATCACCTTCGAATCCA-cite_6tf,non-targeting_g3,NTC,True,False,GSE335887,cite_6tf,WTC11,141,6180.0
iTF_merged::GGCTGGTCAACCAAGT-cite_6tf,non-targeting_g3,NTC,True,False,GSE335887,cite_6tf,WTC11,141,5259.0
iTF_merged::AGCATGAGTGAGGCAT-cite_6tf,non-targeting_g3,NTC,True,False,GSE335887,cite_6tf,WTC11,141,3201.0
iTF_merged::CGTCTTGTCCCTCTCT-cite_6tf,non-targeting_g3,NTC,True,False,GSE335887,cite_6tf,WTC11,141,3385.0
iTF_merged::GCGCTCAAGGTACATT-cite_6tf,non-targeting_g3,NTC,True,False,GSE335887,cite_6tf,WTC11,141,7495.0
iTF_merged::AACATTGCAATGCGTG-cite_6tf,non-targeting_g3,NTC,True,False,GSE335887,cite_6tf,WTC11,141,6416.0
iTF_merged::GGCGAATGTAGCAGCG-cite_6tf,non-targeting_g3,NTC,True,False,GSE335887,cite_6tf,WTC11,141,4671.0
iTF_merged::TGACCCAGTTAGCGCC-cite_6tf,non-targeting_g3,NTC,True,False,GSE335887,cite_6tf,WTC11,141,7651.0
iTF_merged::ACTTCTATCGTACGGT-cite_6tf,non-targeting_g3,NTC,True,False,GSE335887,cite_6tf,WTC11,141,4169.0
iTF_merged::ACCAAGCTCCATCCAT-cite_6tf,non-targeting_g4,NTC,True,False,GSE335887,cite_6tf,WTC11,136,4489.0
iTF_merged::GCTGACTAGTGAATGA-cite_6tf,non-targeting_g4,NTC,True,False,GSE335887,cite_6tf,WTC11,136,6439.0
iTF_merged::CGTCATAAGGATGTGG-cite_6tf,non-targeting_g4,NTC,True,False,GSE335887,cite_6tf,WTC11,136,5466.0
iTF_merged::ACGGAACGTGATCCAT-cite_6tf,non-targeting_g4,NTC,True,False,GSE335887,cite_6tf,WTC11,136,3482.0
iTF_merged::TACTCATCAATCCTGC-cite_6tf,non-targeting_g4,NTC,True,False,GSE335887,cite_6tf,WTC11,136,5352.0
iTF_merged::CGTCCTTGTTGTGCTG-cite_6tf,non-targeting_g4,NTC,True,False,GSE335887,cite_6tf,WTC11,136,6987.0
iTF_merged::CATTGTGAGCTGAGAG-cite_6tf,non-targeting_g4,NTC,True,False,GSE335887,cite_6tf,WTC11,136,3013.0
iTF_merged::GCTCAGTAGAAGGTGT-cite_6tf,non-targeting_g4,NTC,True,False,GSE335887,cite_6tf,WTC11,136,4895.0
iTF_merged::ATATGGGGTTCGTTCC-cite_6tf,non-targeting_g4,NTC,True,False,GSE335887,cite_6tf,WTC11,136,4749.0
iTF_merged::GCTCTATTCGCTCAGG-cite_6tf,non-targeting_g4,NTC,True,False,GSE335887,cite_6tf,WTC11,136,3354.0
iTF_merged::TATCATCCATGGTGAT-cite_6tf,non-targeting_g4,NTC,True,False,GSE335887,cite_6tf,WTC11,136,1823.0
iTF_merged::GGAGTCAAGTTGGGCT-cite_6tf,non-targeting_g4,NTC,True,False,GSE335887,cite_6tf,WTC11,136,4871.0
iTF_merged::CCCGCTTAGCGATGGA-cite_6tf,non-targeting_g4,NTC,True,False,GSE335887,cite_6tf,WTC11,136,2133.0
iTF_merged::TGGAGGATCGTAACTG-cite_6tf,non-targeting_g4,NTC,True,False,GSE335887,cite_6tf,WTC11,136,5281.0
iTF_merged::CCTCTTAGTAATCGCT-cite_6tf,non-targeting_g4,NTC,True,False,GSE335887,cite_6tf,WTC11,136,5037.0
iTF_merged::TGGGTCCGTAAGTACG-cite_6tf,non-targeting_g4,NTC,True,False,GSE335887,cite_6tf,WTC11,136,3982.0
iTF_merged::CCATCCTGTCATGGTT-cite_6tf,non-targeting_g4,NTC,True,False,GSE335887,cite_6tf,WTC11,136,1931.0
iTF_merged::GTCTTAAGTGCATCGC-cite_6tf,non-targeting_g4,NTC,True,False,GSE335887,cite_6tf,WTC11,136,2846.0
iTF_merged::CAACAGTCAACCAGTG-cite_6tf,non-targeting_g4,NTC,True,False,GSE335887,cite_6tf,WTC11,136,5717.0
iTF_merged::CCGGGTTGTTGCAGGG-cite_6tf,non-targeting_g4,NTC,True,False,GSE335887,cite_6tf,WTC11,136,6131.0
iTF_merged::AAGTTTCAGGATATAG-cite_6tf,non-targeting_g4,NTC,True,False,GSE335887,cite_6tf,WTC11,136,3011.0
iTF_merged::TACAGCCAGGATGGGC-cite_6tf,non-targeting_g4,NTC,True,False,GSE335887,cite_6tf,WTC11,136,6227.0
iTF_merged::ACAGTCATCCCCAGAG-cite_6tf,non-targeting_g4,NTC,True,False,GSE335887,cite_6tf,WTC11,136,5259.0
iTF_merged::TGTAGAGGTAACGCGG-cite_6tf,non-targeting_g4,NTC,True,False,GSE335887,cite_6tf,WTC11,136,3092.0
iTF_merged::TGTGTTAGTTTGAGCT-cite_6tf,non-targeting_g4,NTC,True,False,GSE335887,cite_6tf,WTC11,136,3701.0
iTF_merged::GGTCTAGCAACTAGAC-cite_6tf,non-targeting_g4,NTC,True,False,GSE335887,cite_6tf,WTC11,136,3921.0
iTF_merged::GCATCTAAGGTTCCTT-cite_6tf,non-targeting_g4,NTC,True,False,GSE335887,cite_6tf,WTC11,136,4581.0
iTF_merged::GGAGTCAAGGCTTCCC-cite_6tf,non-targeting_g4,NTC,True,False,GSE335887,cite_6tf,WTC11,136,7174.0
iTF_merged::CACCGCTTCAGCCAAC-cite_6tf,non-targeting_g4,NTC,True,False,GSE335887,cite_6tf,WTC11,136,8765.0
iTF_merged::CGAAGGATCGATTACG-cite_6tf,non-targeting_g4,NTC,True,False,GSE335887,cite_6tf,WTC11,136,2469.0
iTF_merged::GTTAGGCTCAATCCAG-cite_6tf,non-targeting_g4,NTC,True,False,GSE335887,cite_6tf,WTC11,136,6361.0
iTF_merged::AGTCAGCTCAGGACTC-cite_6tf,non-targeting_g4,NTC,True,False,GSE335887,cite_6tf,WTC11,136,3096.0
iTF_merged::TCAAAGGGTTTACTTC-cite_6tf,non-targeting_g4,NTC,True,False,GSE335887,cite_6tf,WTC11,136,3913.0
iTF_merged::TGGGCAAAGTCAGGTC-cite_6tf,non-targeting_g4,NTC,True,False,GSE335887,cite_6tf,WTC11,136,4848.0
iTF_merged::ACTCGTCCAAATCGAC-cite_6tf,non-targeting_g4,NTC,True,False,GSE335887,cite_6tf,WTC11,136,6473.0
iTF_merged::CGATGTTGTTGCATGT-cite_6tf,non-targeting_g4,NTC,True,False,GSE335887,cite_6tf,WTC11,136,5129.0
iTF_merged::ACGGGGTAGCCATGCG-cite_6tf,non-targeting_g4,NTC,True,False,GSE335887,cite_6tf,WTC11,136,6996.0
iTF_merged::AGTACCTGTTGACCTG-cite_6tf,non-targeting_g4,NTC,True,False,GSE335887,cite_6tf,WTC11,136,6403.0
iTF_merged::CCAGCAACAGTTAAGC-cite_6tf,non-targeting_g4,NTC,True,False,GSE335887,cite_6tf,WTC11,136,5931.0
iTF_merged::CGATAGCTCGATGGCT-cite_6tf,non-targeting_g4,NTC,True,False,GSE335887,cite_6tf,WTC11,136,1639.0
iTF_merged::GTCGATGCATCCTCGG-cite_6tf,non-targeting_g4,NTC,True,False,GSE335887,cite_6tf,WTC11,136,5313.0
iTF_merged::GGGTCATTCCTGTCCA-cite_6tf,non-targeting_g4,NTC,True,False,GSE335887,cite_6tf,WTC11,136,5999.0
iTF_merged::TAAACGGGTAGTCAAG-cite_6tf,non-targeting_g4,NTC,True,False,GSE335887,cite_6tf,WTC11,136,4163.0
iTF_merged::AACCAGGAGCTAGAGG-cite_6tf,non-targeting_g4,NTC,True,False,GSE335887,cite_6tf,WTC11,136,5628.0
iTF_merged::GCGCAAGGTTCACTAA-cite_6tf,non-targeting_g4,NTC,True,False,GSE335887,cite_6tf,WTC11,136,2583.0
iTF_merged::TGAACTTAGCATAGCC-cite_6tf,non-targeting_g4,NTC,True,False,GSE335887,cite_6tf,WTC11,136,7488.0
iTF_merged::CGCTAAATCCTGCTGC-cite_6tf,non-targeting_g4,NTC,True,False,GSE335887,cite_6tf,WTC11,136,6051.0
iTF_merged::TCTGCACCAGTTGAGT-cite_6tf,non-targeting_g4,NTC,True,False,GSE335887,cite_6tf,WTC11,136,4512.0
iTF_merged::GCAACGTTCGCGTAAC-cite_6tf,non-targeting_g4,NTC,True,False,GSE335887,cite_6tf,WTC11,136,3170.0
iTF_merged::CAGGGGTAGCAGTTCA-cite_6tf,non-targeting_g4,NTC,True,False,GSE335887,cite_6tf,WTC11,136,4806.0
iTF_merged::ATGCTTGAGCGGTAAG-cite_6tf,non-targeting_g4,NTC,True,False,GSE335887,cite_6tf,WTC11,136,4075.0
iTF_merged::GCGCTAGTCCTGAAGC-cite_6tf,non-targeting_g4,NTC,True,False,GSE335887,cite_6tf,WTC11,136,5858.0
